CREATE TABLE "accounts_userprofile" ("id" integer NOT NULL PRIMARY KEY AUTOINCREMENT, "description" varchar(100) NOT NULL, "city" varchar(100) NOT NULL, "website" varchar(200) NOT NULL, "phone" integer NOT NULL, "user_id" integer NOT NULL UNIQUE REFERENCES "auth_user" ("id"), "image" varchar(100) NOT NULL);
INSERT INTO "accounts_userprofile" VALUES(1,'','','',0,2,'');
INSERT INTO "accounts_userprofile" VALUES(2,'','','',0,3,'');
INSERT INTO "accounts_userprofile" VALUES(3,'','','',0,4,'');
INSERT INTO "accounts_userprofile" VALUES(4,'','','',0,5,'');
INSERT INTO "accounts_userprofile" VALUES(5,'','','',0,6,'');
INSERT INTO "accounts_userprofile" VALUES(6,'A Description','London','http://www.google.com',43546,7,'profile_image/Blue_hills_1WV5hRB.jpg');
INSERT INTO "accounts_userprofile" VALUES(7,'','','',0,40,'');
INSERT INTO "accounts_userprofile" VALUES(8,'','','',0,41,'');
INSERT INTO "accounts_userprofile" VALUES(9,'','','',0,42,'');
INSERT INTO "accounts_userprofile" VALUES(10,'','','',0,43,'');
INSERT INTO "accounts_userprofile" VALUES(11,'','','',0,44,'');
INSERT INTO "accounts_userprofile" VALUES(12,'','','',0,45,'');
INSERT INTO "accounts_userprofile" VALUES(13,'','','',0,46,'');
INSERT INTO "accounts_userprofile" VALUES(14,'','','',0,47,'');
INSERT INTO "accounts_userprofile" VALUES(15,'','','',0,48,'');
INSERT INTO "accounts_userprofile" VALUES(16,'','','',0,49,'');
INSERT INTO "accounts_userprofile" VALUES(17,'','','',0,50,'');
INSERT INTO "accounts_userprofile" VALUES(18,'','','',0,51,'');
INSERT INTO "accounts_userprofile" VALUES(19,'','','',0,52,'');
INSERT INTO "accounts_userprofile" VALUES(20,'','','',0,53,'');
INSERT INTO "accounts_userprofile" VALUES(21,'','','',0,54,'');
INSERT INTO "accounts_userprofile" VALUES(22,'','','',0,55,'');
INSERT INTO "accounts_userprofile" VALUES(23,'','','',0,56,'');
INSERT INTO "accounts_userprofile" VALUES(24,'','','',0,57,'');
INSERT INTO "accounts_userprofile" VALUES(25,'','','',0,58,'');
INSERT INTO "accounts_userprofile" VALUES(26,'','','',0,59,'');
INSERT INTO "accounts_userprofile" VALUES(27,'','','',0,60,'');
INSERT INTO "accounts_userprofile" VALUES(28,'','','',0,61,'');
CREATE UNIQUE INDEX "auth_group_permissions_group_id_permission_id_0cd325b0_uniq" ON "auth_group_permissions" ("group_id", "permission_id");
CREATE INDEX IF NOT EXISTS "auth_group_permissions_group_id_b120cbf9" ON "auth_group_permissions" ("group_id");
CREATE INDEX IF NOT EXISTS "auth_group_permissions_permission_id_84c5c92e" ON "auth_group_permissions" ("permission_id");
CREATE UNIQUE INDEX "auth_user_groups_user_id_group_id_94350c0c_uniq" ON "auth_user_groups" ("user_id", "group_id");
CREATE INDEX IF NOT EXISTS "auth_user_groups_user_id_6a12ed8b" ON "auth_user_groups" ("user_id");
CREATE INDEX IF NOT EXISTS "auth_user_groups_group_id_97559544" ON "auth_user_groups" ("group_id");
CREATE UNIQUE INDEX "auth_user_user_permissions_user_id_permission_id_14a6b632_uniq" ON "auth_user_user_permissions" ("user_id", "permission_id");
CREATE INDEX IF NOT EXISTS "auth_user_user_permissions_user_id_a95ead1b" ON "auth_user_user_permissions" ("user_id");
CREATE INDEX IF NOT EXISTS "auth_user_user_permissions_permission_id_1fbb5f2c" ON "auth_user_user_permissions" ("permission_id");
CREATE INDEX IF NOT EXISTS "django_admin_log_content_type_id_c4bce8eb" ON "django_admin_log" ("content_type_id");
CREATE INDEX IF NOT EXISTS "django_admin_log_user_id_c564eba6" ON "django_admin_log" ("user_id");
CREATE UNIQUE INDEX "django_content_type_app_label_model_76bd3d3b_uniq" ON "django_content_type" ("app_label", "model");
CREATE UNIQUE INDEX "auth_permission_content_type_id_codename_01ab375a_uniq" ON "auth_permission" ("content_type_id", "codename");
CREATE INDEX IF NOT EXISTS "auth_permission_content_type_id_2f476e4b" ON "auth_permission" ("content_type_id");
CREATE INDEX IF NOT EXISTS "django_session_expire_date_a5c62663" ON "django_session" ("expire_date");
CREATE INDEX IF NOT EXISTS "home_post_user_id_4e975327" ON "home_post" ("user_id");
CREATE UNIQUE INDEX "home_friend_users_friend_id_user_id_ccea7aea_uniq" ON "home_friend_users" ("friend_id", "user_id");
CREATE INDEX IF NOT EXISTS "home_friend_users_friend_id_26bab69d" ON "home_friend_users" ("friend_id");
CREATE INDEX IF NOT EXISTS "home_friend_users_user_id_201ee81b" ON "home_friend_users" ("user_id");
CREATE INDEX IF NOT EXISTS "home_friend_current_user_id_a86fccfb" ON "home_friend" ("current_user_id");
CREATE INDEX IF NOT EXISTS "blog_blogpost_author_id_ffcc150f" ON "blog_blogpost" ("author_id");
CREATE INDEX IF NOT EXISTS "home_comment_comment_body_id_1f019a5f" ON "home_comment" ("comment_body_id");
CREATE INDEX IF NOT EXISTS "home_blogpost_author_id_74311485" ON "home_blogpost" ("author_id");
CREATE TABLE "auth_group" ("id" integer NOT NULL PRIMARY KEY AUTOINCREMENT, "name" varchar(80) NOT NULL UNIQUE);
CREATE UNIQUE INDEX "auth_group_permissions_group_id_permission_id_0cd325b0_uniq" ON "auth_group_permissions" ("group_id", "permission_id");
CREATE INDEX IF NOT EXISTS "auth_group_permissions_group_id_b120cbf9" ON "auth_group_permissions" ("group_id");
CREATE INDEX IF NOT EXISTS "auth_group_permissions_permission_id_84c5c92e" ON "auth_group_permissions" ("permission_id");
CREATE UNIQUE INDEX "auth_user_groups_user_id_group_id_94350c0c_uniq" ON "auth_user_groups" ("user_id", "group_id");
CREATE INDEX IF NOT EXISTS "auth_user_groups_user_id_6a12ed8b" ON "auth_user_groups" ("user_id");
CREATE INDEX IF NOT EXISTS "auth_user_groups_group_id_97559544" ON "auth_user_groups" ("group_id");
CREATE UNIQUE INDEX "auth_user_user_permissions_user_id_permission_id_14a6b632_uniq" ON "auth_user_user_permissions" ("user_id", "permission_id");
CREATE INDEX IF NOT EXISTS "auth_user_user_permissions_user_id_a95ead1b" ON "auth_user_user_permissions" ("user_id");
CREATE INDEX IF NOT EXISTS "auth_user_user_permissions_permission_id_1fbb5f2c" ON "auth_user_user_permissions" ("permission_id");
CREATE INDEX IF NOT EXISTS "django_admin_log_content_type_id_c4bce8eb" ON "django_admin_log" ("content_type_id");
CREATE INDEX IF NOT EXISTS "django_admin_log_user_id_c564eba6" ON "django_admin_log" ("user_id");
CREATE UNIQUE INDEX "django_content_type_app_label_model_76bd3d3b_uniq" ON "django_content_type" ("app_label", "model");
CREATE UNIQUE INDEX "auth_permission_content_type_id_codename_01ab375a_uniq" ON "auth_permission" ("content_type_id", "codename");
CREATE INDEX IF NOT EXISTS "auth_permission_content_type_id_2f476e4b" ON "auth_permission" ("content_type_id");
CREATE INDEX IF NOT EXISTS "django_session_expire_date_a5c62663" ON "django_session" ("expire_date");
CREATE INDEX IF NOT EXISTS "home_post_user_id_4e975327" ON "home_post" ("user_id");
CREATE UNIQUE INDEX "home_friend_users_friend_id_user_id_ccea7aea_uniq" ON "home_friend_users" ("friend_id", "user_id");
CREATE INDEX IF NOT EXISTS "home_friend_users_friend_id_26bab69d" ON "home_friend_users" ("friend_id");
CREATE INDEX IF NOT EXISTS "home_friend_users_user_id_201ee81b" ON "home_friend_users" ("user_id");
CREATE INDEX IF NOT EXISTS "home_friend_current_user_id_a86fccfb" ON "home_friend" ("current_user_id");
CREATE INDEX IF NOT EXISTS "blog_blogpost_author_id_ffcc150f" ON "blog_blogpost" ("author_id");
CREATE INDEX IF NOT EXISTS "home_comment_comment_body_id_1f019a5f" ON "home_comment" ("comment_body_id");
CREATE INDEX IF NOT EXISTS "home_blogpost_author_id_74311485" ON "home_blogpost" ("author_id");
CREATE TABLE "auth_group_permissions" ("id" integer NOT NULL PRIMARY KEY AUTOINCREMENT, "group_id" integer NOT NULL REFERENCES "auth_group" ("id"), "permission_id" integer NOT NULL REFERENCES "auth_permission" ("id"));
CREATE UNIQUE INDEX "auth_group_permissions_group_id_permission_id_0cd325b0_uniq" ON "auth_group_permissions" ("group_id", "permission_id");
CREATE INDEX IF NOT EXISTS "auth_group_permissions_group_id_b120cbf9" ON "auth_group_permissions" ("group_id");
CREATE INDEX IF NOT EXISTS "auth_group_permissions_permission_id_84c5c92e" ON "auth_group_permissions" ("permission_id");
CREATE UNIQUE INDEX "auth_user_groups_user_id_group_id_94350c0c_uniq" ON "auth_user_groups" ("user_id", "group_id");
CREATE INDEX IF NOT EXISTS "auth_user_groups_user_id_6a12ed8b" ON "auth_user_groups" ("user_id");
CREATE INDEX IF NOT EXISTS "auth_user_groups_group_id_97559544" ON "auth_user_groups" ("group_id");
CREATE UNIQUE INDEX "auth_user_user_permissions_user_id_permission_id_14a6b632_uniq" ON "auth_user_user_permissions" ("user_id", "permission_id");
CREATE INDEX IF NOT EXISTS "auth_user_user_permissions_user_id_a95ead1b" ON "auth_user_user_permissions" ("user_id");
CREATE INDEX IF NOT EXISTS "auth_user_user_permissions_permission_id_1fbb5f2c" ON "auth_user_user_permissions" ("permission_id");
CREATE INDEX IF NOT EXISTS "django_admin_log_content_type_id_c4bce8eb" ON "django_admin_log" ("content_type_id");
CREATE INDEX IF NOT EXISTS "django_admin_log_user_id_c564eba6" ON "django_admin_log" ("user_id");
CREATE UNIQUE INDEX "django_content_type_app_label_model_76bd3d3b_uniq" ON "django_content_type" ("app_label", "model");
CREATE UNIQUE INDEX "auth_permission_content_type_id_codename_01ab375a_uniq" ON "auth_permission" ("content_type_id", "codename");
CREATE INDEX IF NOT EXISTS "auth_permission_content_type_id_2f476e4b" ON "auth_permission" ("content_type_id");
CREATE INDEX IF NOT EXISTS "django_session_expire_date_a5c62663" ON "django_session" ("expire_date");
CREATE INDEX IF NOT EXISTS "home_post_user_id_4e975327" ON "home_post" ("user_id");
CREATE UNIQUE INDEX "home_friend_users_friend_id_user_id_ccea7aea_uniq" ON "home_friend_users" ("friend_id", "user_id");
CREATE INDEX IF NOT EXISTS "home_friend_users_friend_id_26bab69d" ON "home_friend_users" ("friend_id");
CREATE INDEX IF NOT EXISTS "home_friend_users_user_id_201ee81b" ON "home_friend_users" ("user_id");
CREATE INDEX IF NOT EXISTS "home_friend_current_user_id_a86fccfb" ON "home_friend" ("current_user_id");
CREATE INDEX IF NOT EXISTS "blog_blogpost_author_id_ffcc150f" ON "blog_blogpost" ("author_id");
CREATE INDEX IF NOT EXISTS "home_comment_comment_body_id_1f019a5f" ON "home_comment" ("comment_body_id");
CREATE INDEX IF NOT EXISTS "home_blogpost_author_id_74311485" ON "home_blogpost" ("author_id");
CREATE TABLE "auth_permission" ("id" integer NOT NULL PRIMARY KEY AUTOINCREMENT, "content_type_id" integer NOT NULL REFERENCES "django_content_type" ("id"), "codename" varchar(100) NOT NULL, "name" varchar(255) NOT NULL);
INSERT INTO "auth_permission" VALUES(1,1,'add_logentry','Can add log entry');
INSERT INTO "auth_permission" VALUES(2,1,'change_logentry','Can change log entry');
INSERT INTO "auth_permission" VALUES(3,1,'delete_logentry','Can delete log entry');
INSERT INTO "auth_permission" VALUES(4,2,'add_user','Can add user');
INSERT INTO "auth_permission" VALUES(5,2,'change_user','Can change user');
INSERT INTO "auth_permission" VALUES(6,2,'delete_user','Can delete user');
INSERT INTO "auth_permission" VALUES(7,3,'add_group','Can add group');
INSERT INTO "auth_permission" VALUES(8,3,'change_group','Can change group');
INSERT INTO "auth_permission" VALUES(9,3,'delete_group','Can delete group');
INSERT INTO "auth_permission" VALUES(10,4,'add_permission','Can add permission');
INSERT INTO "auth_permission" VALUES(11,4,'change_permission','Can change permission');
INSERT INTO "auth_permission" VALUES(12,4,'delete_permission','Can delete permission');
INSERT INTO "auth_permission" VALUES(13,5,'add_contenttype','Can add content type');
INSERT INTO "auth_permission" VALUES(14,5,'change_contenttype','Can change content type');
INSERT INTO "auth_permission" VALUES(15,5,'delete_contenttype','Can delete content type');
INSERT INTO "auth_permission" VALUES(16,6,'add_session','Can add session');
INSERT INTO "auth_permission" VALUES(17,6,'change_session','Can change session');
INSERT INTO "auth_permission" VALUES(18,6,'delete_session','Can delete session');
INSERT INTO "auth_permission" VALUES(19,7,'add_userprofile','Can add user profile');
INSERT INTO "auth_permission" VALUES(20,7,'change_userprofile','Can change user profile');
INSERT INTO "auth_permission" VALUES(21,7,'delete_userprofile','Can delete user profile');
INSERT INTO "auth_permission" VALUES(22,8,'add_post','Can add post');
INSERT INTO "auth_permission" VALUES(23,8,'change_post','Can change post');
INSERT INTO "auth_permission" VALUES(24,8,'delete_post','Can delete post');
INSERT INTO "auth_permission" VALUES(25,9,'add_friend','Can add friend');
INSERT INTO "auth_permission" VALUES(26,9,'change_friend','Can change friend');
INSERT INTO "auth_permission" VALUES(27,9,'delete_friend','Can delete friend');
INSERT INTO "auth_permission" VALUES(28,10,'add_userimage','Can add user');
INSERT INTO "auth_permission" VALUES(29,10,'change_userimage','Can change user');
INSERT INTO "auth_permission" VALUES(30,10,'delete_userimage','Can delete user');
INSERT INTO "auth_permission" VALUES(31,11,'add_blogpost','Can add blog post');
INSERT INTO "auth_permission" VALUES(32,11,'change_blogpost','Can change blog post');
INSERT INTO "auth_permission" VALUES(33,11,'delete_blogpost','Can delete blog post');
INSERT INTO "auth_permission" VALUES(34,12,'add_author','Can add author');
INSERT INTO "auth_permission" VALUES(35,12,'change_author','Can change author');
INSERT INTO "auth_permission" VALUES(36,12,'delete_author','Can delete author');
INSERT INTO "auth_permission" VALUES(37,13,'add_post','Can add post');
INSERT INTO "auth_permission" VALUES(38,13,'change_post','Can change post');
INSERT INTO "auth_permission" VALUES(39,13,'delete_post','Can delete post');
INSERT INTO "auth_permission" VALUES(40,13,'add_blogpost','Can add blog post');
INSERT INTO "auth_permission" VALUES(41,13,'change_blogpost','Can change blog post');
INSERT INTO "auth_permission" VALUES(42,13,'delete_blogpost','Can delete blog post');
INSERT INTO "auth_permission" VALUES(43,14,'add_comment','Can add comment');
INSERT INTO "auth_permission" VALUES(44,14,'change_comment','Can change comment');
INSERT INTO "auth_permission" VALUES(45,14,'delete_comment','Can delete comment');
CREATE UNIQUE INDEX "auth_group_permissions_group_id_permission_id_0cd325b0_uniq" ON "auth_group_permissions" ("group_id", "permission_id");
CREATE INDEX IF NOT EXISTS "auth_group_permissions_group_id_b120cbf9" ON "auth_group_permissions" ("group_id");
CREATE INDEX IF NOT EXISTS "auth_group_permissions_permission_id_84c5c92e" ON "auth_group_permissions" ("permission_id");
CREATE UNIQUE INDEX "auth_user_groups_user_id_group_id_94350c0c_uniq" ON "auth_user_groups" ("user_id", "group_id");
CREATE INDEX IF NOT EXISTS "auth_user_groups_user_id_6a12ed8b" ON "auth_user_groups" ("user_id");
CREATE INDEX IF NOT EXISTS "auth_user_groups_group_id_97559544" ON "auth_user_groups" ("group_id");
CREATE UNIQUE INDEX "auth_user_user_permissions_user_id_permission_id_14a6b632_uniq" ON "auth_user_user_permissions" ("user_id", "permission_id");
CREATE INDEX IF NOT EXISTS "auth_user_user_permissions_user_id_a95ead1b" ON "auth_user_user_permissions" ("user_id");
CREATE INDEX IF NOT EXISTS "auth_user_user_permissions_permission_id_1fbb5f2c" ON "auth_user_user_permissions" ("permission_id");
CREATE INDEX IF NOT EXISTS "django_admin_log_content_type_id_c4bce8eb" ON "django_admin_log" ("content_type_id");
CREATE INDEX IF NOT EXISTS "django_admin_log_user_id_c564eba6" ON "django_admin_log" ("user_id");
CREATE UNIQUE INDEX "django_content_type_app_label_model_76bd3d3b_uniq" ON "django_content_type" ("app_label", "model");
CREATE UNIQUE INDEX "auth_permission_content_type_id_codename_01ab375a_uniq" ON "auth_permission" ("content_type_id", "codename");
CREATE INDEX IF NOT EXISTS "auth_permission_content_type_id_2f476e4b" ON "auth_permission" ("content_type_id");
CREATE INDEX IF NOT EXISTS "django_session_expire_date_a5c62663" ON "django_session" ("expire_date");
CREATE INDEX IF NOT EXISTS "home_post_user_id_4e975327" ON "home_post" ("user_id");
CREATE UNIQUE INDEX "home_friend_users_friend_id_user_id_ccea7aea_uniq" ON "home_friend_users" ("friend_id", "user_id");
CREATE INDEX IF NOT EXISTS "home_friend_users_friend_id_26bab69d" ON "home_friend_users" ("friend_id");
CREATE INDEX IF NOT EXISTS "home_friend_users_user_id_201ee81b" ON "home_friend_users" ("user_id");
CREATE INDEX IF NOT EXISTS "home_friend_current_user_id_a86fccfb" ON "home_friend" ("current_user_id");
CREATE INDEX IF NOT EXISTS "blog_blogpost_author_id_ffcc150f" ON "blog_blogpost" ("author_id");
CREATE INDEX IF NOT EXISTS "home_comment_comment_body_id_1f019a5f" ON "home_comment" ("comment_body_id");
CREATE INDEX IF NOT EXISTS "home_blogpost_author_id_74311485" ON "home_blogpost" ("author_id");
CREATE TABLE "auth_user" ("id" integer NOT NULL PRIMARY KEY AUTOINCREMENT, "password" varchar(128) NOT NULL, "last_login" datetime NULL, "is_superuser" bool NOT NULL, "first_name" varchar(30) NOT NULL, "last_name" varchar(30) NOT NULL, "email" varchar(254) NOT NULL, "is_staff" bool NOT NULL, "is_active" bool NOT NULL, "date_joined" datetime NOT NULL, "username" varchar(150) NOT NULL UNIQUE);
INSERT INTO "auth_user" VALUES(1,'pbkdf2_sha256$36000$zeM0FiHagUt0$pLUvjgGxDY4wsRW6Pi73UowZj5PziY2Fr/A+BLD8nB4=','2018-02-10 19:43:44.184281',1,'Muhammad','Khimji','muhammadkhimji@live.co.uk',1,1,'2017-07-23 15:51:32','mo');
INSERT INTO "auth_user" VALUES(2,'pbkdf2_sha256$36000$U5FdLZimQYXv$2SjeKDrqWed5tdrILjan8Q7iUxP3WHFQhCLhoPGQN+c=',NULL,0,'','','',0,1,'2017-07-23 16:44:24.703125','test');
INSERT INTO "auth_user" VALUES(3,'pbkdf2_sha256$36000$tbatCYFmkf8U$H42cW8yUIICaCiEKqiM0g/bQKUHJIMr2vtZWsQo4f+I=',NULL,0,'','','',0,1,'2017-07-23 21:05:24.968750','test2');
INSERT INTO "auth_user" VALUES(4,'pbkdf2_sha256$36000$6RlWegJLQ8K9$D1RcBtpb1nnwyTj3xqO46b3kRHf38OxR3Xm+gfmjis0=','2017-07-24 00:30:39.953125',0,'Natram','Akhlas','fat@email.com',0,1,'2017-07-23 21:56:18.250000','test3');
INSERT INTO "auth_user" VALUES(5,'pbkdf2_sha256$36000$zn1f3Qm3HSgT$4r0uOpcccXwj+WuOecUEomNiFVZlkJCG5wsKNqtejkA=','2017-07-24 03:17:13.781250',0,'golem','khimji','gulm@email.com',0,1,'2017-07-24 03:15:50.109375','Dad');
INSERT INTO "auth_user" VALUES(6,'pbkdf2_sha256$36000$ZAzIDrLJ7KgU$4ZTZAcwVQeKn+cVwPOI0VIAtL7q5JGswJO9tSnnB3p4=',NULL,0,'gay','guy','gayboy@email.com',0,1,'2017-07-25 01:32:07.718920','brett');
INSERT INTO "auth_user" VALUES(7,'pbkdf2_sha256$36000$hhWAwbt59012$GN9rmriFPVMUFpJgEu3GPGFinXrDDLQO8QGx2Qga4aQ=','2017-07-28 04:15:14.687500',0,'Jim','Cron','jim@email.com',0,1,'2017-07-28 03:10:54.343750','tecumseh');
INSERT INTO "auth_user" VALUES(8,'pbkdf2_sha256$36000$xGCzvF5SgRRd$kzWNm2+OzUE3m6YZmcnLL1JqeZN1hepzqWPQA/0Sw78=',NULL,0,'deagle','mpc','deagmpc@email.com',0,1,'2017-08-03 04:58:53.746625','deaglempc');
INSERT INTO "auth_user" VALUES(9,'pbkdf2_sha256$36000$GxEFsjPJ7X8d$uHpV7iBtOWAkR4Udk+JVzmLxE+7N5NLfryLQqMf2X0c=','2017-08-03 05:23:06.078125',0,'swag','yolo','swag@email.com',0,1,'2017-08-03 05:06:24.527875','swag');
INSERT INTO "auth_user" VALUES(10,'pbkdf2_sha256$36000$GRYv6lhKl3rm$+knoNcoLe+hS+NyH3IQCqcM22m6H2BHd5bxRxTadvvM=',NULL,0,'truck','driver','truckdriver@email.com',0,1,'2017-08-03 05:09:39.609375','dumpster');
INSERT INTO "auth_user" VALUES(11,'pbkdf2_sha256$36000$ZZlLoyjGTBkv$RtIkBnsJBGhxjzrgJOBwcZicleMEUJwnPMtSsa+OQsk=','2017-08-03 05:13:20.234375',0,'russian','soldier','forcssru@email.com',0,1,'2017-08-03 05:13:02.640625','forcssru');
INSERT INTO "auth_user" VALUES(12,'pbkdf2_sha256$36000$IBcfgtUcr6V6$XMeL4MdPDNstZrKcxhDJCpgrtFb0EVh48K8/baE4nLE=','2017-08-03 05:23:47.765625',0,'top','diktat','topdiktat@email.com',0,1,'2017-08-03 05:19:55.281250','thwadi');
INSERT INTO "auth_user" VALUES(13,'pbkdf2_sha256$36000$bvQ6LIOTzyTG$2aIjmWBeYvkFODR89QXwVAxrNNIJjv1sAbtrQeD2fNo=','2017-08-03 05:21:30.734375',0,'golem','kimwala','golem@email.com',0,1,'2017-08-03 05:21:25.953125','golem');
INSERT INTO "auth_user" VALUES(14,'pbkdf2_sha256$36000$JNmsF2IzNmlg$+7CTlLLbHj/svsT4mN9dkZVXbdCTq9AlLefc+coiazQ=','2017-08-03 05:31:02.265625',0,'mrsd','ahamer','tobefair@email.com',0,1,'2017-08-03 05:30:54.734375','tobefair');
INSERT INTO "auth_user" VALUES(15,'pbkdf2_sha256$36000$tE2W72voSndr$11lZ3mGbtcXc7xsU6rSJOHPsQ5reBFcQIezasXefv34=','2017-08-03 05:33:42.468750',0,'yo','man','wagwan@email.com',0,1,'2017-08-03 05:33:35.890625','wagwan');
INSERT INTO "auth_user" VALUES(16,'pbkdf2_sha256$36000$Xoph0kbiAmsB$pnAb9dnt2Iy258l6rfM/fxG8O609CP1c8Y8hZF6w7qs=','2017-08-03 05:39:02.687500',0,'booda','shmoker','kbuddeh@email.com',0,1,'2017-08-03 05:38:57.671875','kbuddeh');
INSERT INTO "auth_user" VALUES(17,'pbkdf2_sha256$36000$WkxXExBALV6X$V2o50gaCQpHnt1/+71c7pMphZ/I0E0t43Bvx17vlaso=','2017-08-03 05:43:44.812500',0,'Halo','Lover','halolover@email.com',0,1,'2017-08-03 05:43:35.812500','omgwtfhax');
INSERT INTO "auth_user" VALUES(18,'pbkdf2_sha256$36000$Re8i7it7uAAD$O24C2KiXo4EytGelgYwtW3r9mryBP32x4nzWh5OBoIA=','2017-08-03 06:12:55.578125',0,'dandy','carrol','dcarrol@email.com',0,1,'2017-08-03 06:12:50.093750','savethebees');
INSERT INTO "auth_user" VALUES(19,'pbkdf2_sha256$36000$K4OBiSXcTwds$KRqK1C64BiWcKt/0YWsx0DomkQBXE9k7N7/dxyKZx+c=','2017-08-03 14:34:44.140625',0,'Mikey','Palmice','mpalmice@email.com',0,1,'2017-08-03 14:34:30.453125','Mikey');
INSERT INTO "auth_user" VALUES(20,'pbkdf2_sha256$36000$CRhPzxQeXbJ9$V9GB7vrUZQGhfAWzybObuIkgAPdwE2DPBj9rJhWbmqI=','2017-08-03 14:57:20.562500',0,'baden','scoth','badenscoth@email.com',0,1,'2017-08-03 14:57:15.250000','badenscoth');
INSERT INTO "auth_user" VALUES(21,'pbkdf2_sha256$36000$WMFHcSemQUt0$wDRZGYAMg2m3HpscZyPiMUmwphvHJFEIszDrSNI4TKQ=',NULL,0,'Jazeera','Medhi','Hasan@email.com',0,1,'2017-08-03 15:02:34.265625','Al');
INSERT INTO "auth_user" VALUES(22,'pbkdf2_sha256$36000$VOWBv2CzcIJi$5ETO7B8qmyD6cTItwGXJd+dc49wb37coyLpLBpH35Ls=',NULL,0,'Ron','Harris','rharris@email.com',0,1,'2017-08-03 15:03:25.406250','Ron');
INSERT INTO "auth_user" VALUES(23,'pbkdf2_sha256$36000$glJJ2sdUHPwq$IBXeUOsjKDtX9J8EIyzezz1I7qLPfM5iQ2ogAkkcoRY=','2017-08-03 15:06:25.265625',0,'Fatima','Khimji','fatima@email.com',0,1,'2017-08-03 15:06:16.296875','Fatima');
INSERT INTO "auth_user" VALUES(24,'pbkdf2_sha256$36000$o0V2Iq0pkenP$5BndTeytfd1EqgdEA6hKkqb6iJA85D6NcSyrp2u9oeQ=','2017-08-05 00:51:24.034949',0,'Andeh','McCorm','andeh@email.com',0,1,'2017-08-05 00:51:04.597449','Battash');
INSERT INTO "auth_user" VALUES(25,'pbkdf2_sha256$36000$LUCWawmCpN5x$5sn+2pjPIJyZMg7Kcsws2lK1B1uuFbiJY+0UtrQoL8Y=','2017-09-01 04:48:15.656250',0,'lady','aurelia','lady@email.com',0,1,'2017-09-01 04:46:34','lady');
INSERT INTO "auth_user" VALUES(26,'pbkdf2_sha256$36000$9EpWT9jPr2GU$zAsy9aRNhLoUNYRNV2VnjdMIYXPU0JJjS7K9JqOMMU4=','2017-08-26 03:38:32.765625',0,'zaman','leng','zamaan@email.com',0,1,'2017-08-25 15:06:44.263945','zamaan');
INSERT INTO "auth_user" VALUES(27,'pbkdf2_sha256$36000$TlJDQPEU6Ruj$n3V5HWAhlz2nVqsY684XnC86Um15woH4/3b01Gtw1Aw=',NULL,0,'side','winder','sidewinder@email.com',0,1,'2017-08-26 20:16:17.318375','sidewinder');
INSERT INTO "auth_user" VALUES(28,'pbkdf2_sha256$36000$uXxijDp9VhdQ$C+tWCDN70pzZ0XFAZA2VSLVPjfQnsD3eh0n0p9fjfRE=',NULL,0,'battle','creek','bcreek@email.com',0,1,'2017-08-26 20:29:44.302750','battlecreek');
INSERT INTO "auth_user" VALUES(29,'pbkdf2_sha256$36000$ky67dwN8b2qJ$x/jSL1cCar4I2S3vlbyCCSLTx2BaU7lXR80GbZHmfJc=','2017-08-26 20:51:41.021500',0,'asdasdf','albrighton','mk@email.com',0,1,'2017-08-26 20:50:41.927750','mk');
INSERT INTO "auth_user" VALUES(30,'pbkdf2_sha256$36000$NYDUBepgvinn$Pc1Id3V4N1P68AG76k39QgLbMwQcfVjbWRsEO92Y//g=',NULL,0,'uti','sentic','sentic@email.com',0,1,'2017-08-26 21:03:41.724625','render');
INSERT INTO "auth_user" VALUES(31,'pbkdf2_sha256$36000$yuoBEXk4HVnW$p55IUXkEnSMo+bwpExNTi4/sxhQwN/6nVEOi3L4KSqE=',NULL,0,'shaun','pollock','spollock@email.com',0,1,'2017-08-26 21:06:10.584000','spollock');
INSERT INTO "auth_user" VALUES(32,'pbkdf2_sha256$36000$8ilG3uo37KAw$xP3qdealLnvNUnCOACR3AnAQLUYSyggu5aa/VDxa+tI=',NULL,0,'post','match','post@email.com',0,1,'2017-08-26 23:28:53.709000','postmatch');
INSERT INTO "auth_user" VALUES(33,'pbkdf2_sha256$36000$5jYo8EikI0DY$CiwkSCES4w4u4y/+12WUQpEDTLJZH9nzz3UmA7+duHE=','2017-08-26 23:42:55.130875',0,'dry','kemcho','dghandi@email.com',0,1,'2017-08-26 23:42:01.365250','ghandi');
INSERT INTO "auth_user" VALUES(34,'pbkdf2_sha256$36000$CbZYJ2YDPEXy$PfqHflJYIPqho7yzc+MNpxLik3JpY89pNUYwWw9Ec20=','2017-08-26 23:49:19.146500',0,'ben','sanderson','bsanderson@email.com',0,1,'2017-08-26 23:47:26.240250','ben');
INSERT INTO "auth_user" VALUES(35,'pbkdf2_sha256$36000$rTJ4gSpPV6mg$aKIQP+GiGYV+fesCZ7F3FjN4zIhgWIcLrVHt95xBXEs=',NULL,0,'jolly','man','jolly@email.com',0,1,'2017-08-26 23:51:26.068375','jolly');
INSERT INTO "auth_user" VALUES(36,'pbkdf2_sha256$36000$bPRaxfNt1YyL$mBr4/PMbR/0QL2pl2580YNbwIMCfZ/PVA29unbOQFro=','2017-08-27 00:33:34.562500',0,'happy','days','larry@email.com',0,1,'2017-08-27 00:12:14.365250','larry');
INSERT INTO "auth_user" VALUES(37,'pbkdf2_sha256$36000$XRSE4p9lhcAh$rHDpu0BEeuqV93j865g1scxmcMBVhImfOS6AZjqRsLQ=',NULL,0,'marry','me','marryme@email.com',0,1,'2017-08-27 00:14:19.177750','marry');
INSERT INTO "auth_user" VALUES(38,'pbkdf2_sha256$36000$6a2eALxf3Hql$5YKLZbOVKgjZfvazCy+0oxnh9QOhPnTtIB4rnxJ4Yro=','2017-08-27 00:24:20.593750',0,'pranil','patelaaaaa','poppy@email.com',0,1,'2017-08-27 00:22:47.078125','poppeh');
INSERT INTO "auth_user" VALUES(39,'pbkdf2_sha256$36000$nuh8kPI9bTM6$Q7dvYfWKeiug5rI7k8y1UQmLTbh9pPtF/n0rpMJZoKM=',NULL,0,'full','monty','fmonty@email.com',0,1,'2017-08-27 00:29:07.062500','mont');
INSERT INTO "auth_user" VALUES(40,'pbkdf2_sha256$36000$EOuuk8ObTTgZ$+qm0xhtq1rtRulh1ekGJQju63qodHoIbsu+xe47ucjI=',NULL,0,'rabbitq','face','rface@email.com',0,1,'2017-08-27 00:32:34.265625','rabbit');
INSERT INTO "auth_user" VALUES(41,'pbkdf2_sha256$36000$qWVND8wVPYGn$sLyyeLABm1dDMCVw+WVWuIaln5OI/So2VTmNCxnTzlc=',NULL,0,'sdfg','sdafgthrer','efesgrerg@email.com',0,1,'2017-08-27 00:33:18.906250','referg');
INSERT INTO "auth_user" VALUES(42,'pbkdf2_sha256$36000$s5QxWkWtFGLN$E6kYuLXmzlz4wDp4K8LF3B5XgtgholXLsBM/4Mz2gJE=',NULL,0,'sdgfshtws','sdfgjhtrgj','esdrgethr@email.com',0,1,'2017-08-27 00:36:28.390625','asedfgghwsh');
INSERT INTO "auth_user" VALUES(43,'pbkdf2_sha256$36000$MF0k8HDD2sBe$lQzAfZlGwftRRDgY3P8OYDIl/B8DaycSAAOV/eOmp4s=',NULL,0,'uti','shiver','shiver@email.com',0,1,'2017-08-27 00:39:54.890625','udee');
INSERT INTO "auth_user" VALUES(44,'pbkdf2_sha256$36000$LERAn6pIyMrK$USXxNiB0Aj33Ngi4RkraSdRrRjfndNuB2+RbZ8tqA80=','2017-08-27 00:41:18.609375',0,'gdfeshf','sdfgdhg','durrr@email.com',0,1,'2017-08-27 00:41:18.296875','asdferg');
INSERT INTO "auth_user" VALUES(45,'pbkdf2_sha256$36000$54qK7W0Ajp3Z$E6Oy1HcXuYfw2ZVcgItLVQ68Sv6TD00cPRGiTLa6P+s=','2017-08-27 00:45:00.656250',0,'dhrfghsgh','gzsdgfsdh','agfeag@email.com',0,1,'2017-08-27 00:45:00.359375','esdgsdh');
INSERT INTO "auth_user" VALUES(46,'pbkdf2_sha256$36000$SHvDRHuF6gbI$/dlW3Nz9+cPxmlBK6H10LH7GCD9LJnec+WVstlUS2HI=','2017-08-27 21:39:03.078125',0,'uti','dave`','utidave@email.com',0,1,'2017-08-27 21:37:35.609375','dave');
INSERT INTO "auth_user" VALUES(47,'pbkdf2_sha256$36000$KIrKS6s0FaO3$NIYBZAtDwufAiMOYpIXO6VA/4i9q6ErNmh+pjoe0IQo=','2017-08-28 02:24:00',0,'south','well','swell@email.com',0,1,'2017-08-28 02:23:42.515625','south');
INSERT INTO "auth_user" VALUES(48,'pbkdf2_sha256$36000$pFIlNgGfGeDM$/vBoFm/zbMaPkK0w+fimKLrh104d3K80Vf3NdjFv3Ck=','2017-08-30 02:20:03.843750',0,'rhianna','stars','rhiannastars@hotmail.com',0,1,'2017-08-30 02:20:03.312500','rhianna');
INSERT INTO "auth_user" VALUES(49,'pbkdf2_sha256$36000$27IgMv8m4zU5$JrKu4ZSLDzFoUXx3bRhl95fCG+Ngeu8GskcHXZHIBCU=','2017-08-30 05:46:44.015625',0,'fgerg','ergeheh','rgfaegf@email.com',0,1,'2017-08-30 05:46:43.703125','rgtrg');
INSERT INTO "auth_user" VALUES(50,'pbkdf2_sha256$36000$yu87ePFLTNRc$Daqbkt2LgGzsrAGxhpNTflb838bhxA75YhZFc/SFBBM=','2017-09-01 04:10:35.359375',0,'dfdd','dfgdfg','ffg@email.com',0,1,'2017-09-01 04:10:35.062500','Rgfdgd');
INSERT INTO "auth_user" VALUES(51,'pbkdf2_sha256$36000$p5h9jnwQddFR$nGeYf64vIdkvA77+OGeyZnhtXPBOj/SsB8ql1byQKm4=','2017-09-02 02:31:53.250000',0,'sdefwef4','fqwdfsf','sdfsdf@email.com',0,1,'2017-09-02 02:31:52.906250','asdaf');
INSERT INTO "auth_user" VALUES(52,'pbkdf2_sha256$36000$pP8mGyensAFH$sM1YPuvbppq7I1+MZ20UYXyVgcCbZPfVpn2RGr/HJiQ=','2017-09-02 03:16:01.093750',0,'1212325','452642762','moh@email.com12',0,1,'2017-09-02 03:16:00.781250','rofl');
INSERT INTO "auth_user" VALUES(53,'pbkdf2_sha256$36000$Y0ZQwhIaBxIK$hMKU2aeM4TZO+LjxPY1N8idSdnOntiae9SHKSK/y94c=','2017-10-05 04:08:55.828125',0,'Helium','Oxygen','h20@email.com',0,1,'2017-09-02 03:20:28.093750','heliuM');
INSERT INTO "auth_user" VALUES(54,'pbkdf2_sha256$36000$BCAzYFywSRwS$MvxlAJVP55umYuRKvgk0mkaJKyapCA1ln4KSQ73O7Sk=','2017-09-05 04:38:28.781250',0,'dfddsd','sdvsadcv','2222@email.com',0,1,'2017-09-05 04:38:28.500000','asfewf');
INSERT INTO "auth_user" VALUES(55,'pbkdf2_sha256$36000$eJut6hNOc2SP$5SkVWGpqs54H7ikWI5dTZK7jpHW9vyWhtMPvsT72bUg=','2017-09-06 03:19:48.718750',0,'awgtewrgy','ewryhw457yw5yhgdrh','sdfgxdb@email.com',0,1,'2017-09-06 03:19:48.437500','esfwggr');
INSERT INTO "auth_user" VALUES(56,'pbkdf2_sha256$36000$iFgb6SgINKG4$hejIc4uTV32Y2DB9ZrNB6ewBCvLjloPkTOF1Svv94CQ=','2017-09-10 03:45:41.210717',0,'Django','Unchained','du@email.com',0,1,'2017-09-10 03:45:40.882592','unchained');
INSERT INTO "auth_user" VALUES(57,'pbkdf2_sha256$36000$52j5YtfiTmq6$vV7t3k8foJX+y64u0F/wfXATMnVUXJzhxuDzZJk0Ius=','2017-09-11 06:20:19.156250',0,'karwaan','under','krwn@email.com',0,1,'2017-09-11 06:20:18.859375','karwaniunder');
INSERT INTO "auth_user" VALUES(58,'pbkdf2_sha256$36000$DjEIq6u0oNXD$S6KSK3WelWZ1M0VAzLnq5sLqIrbCnB7hKLHA2C21U60=','2018-03-08 04:17:06.977654',1,'','','',1,1,'2018-02-10 19:47:57.036483','muhammad');
INSERT INTO "auth_user" VALUES(59,'pbkdf2_sha256$36000$4xmPjU6aTQ4o$SXmoFszG+Hgl3DuHjjJf6MXgnI81Q/hW/4/aZlfiLpk=','2018-02-25 02:43:42.564067',0,'Muhammad','Khimji','muhammadkhimji@live.co.uk',0,1,'2018-02-25 02:43:42.470104','moh');
INSERT INTO "auth_user" VALUES(60,'pbkdf2_sha256$36000$1mPbRe99iW8f$KEDfJbtgmva6L9rxUIvwNEYXAdHC2HD/33aG5Bg/T78=','2018-02-26 06:43:26.193440',0,'iyhgkugjgkg','ilhvk.ljb.kh','ugbkj@em.com',0,1,'2018-02-26 06:43:26.093289','loller');
INSERT INTO "auth_user" VALUES(61,'pbkdf2_sha256$36000$r9LAwEhUtY4u$hqqBYtaWVbUVlyw3MXj+2jq4WxFwQq3LOG62/KfZZ/U=','2018-03-07 04:10:27.160576',0,'justice','rezq','justice@email.com',0,1,'2018-03-07 04:10:27.060804','Justice');
CREATE UNIQUE INDEX "auth_group_permissions_group_id_permission_id_0cd325b0_uniq" ON "auth_group_permissions" ("group_id", "permission_id");
CREATE INDEX IF NOT EXISTS "auth_group_permissions_group_id_b120cbf9" ON "auth_group_permissions" ("group_id");
CREATE INDEX IF NOT EXISTS "auth_group_permissions_permission_id_84c5c92e" ON "auth_group_permissions" ("permission_id");
CREATE UNIQUE INDEX "auth_user_groups_user_id_group_id_94350c0c_uniq" ON "auth_user_groups" ("user_id", "group_id");
CREATE INDEX IF NOT EXISTS "auth_user_groups_user_id_6a12ed8b" ON "auth_user_groups" ("user_id");
CREATE INDEX IF NOT EXISTS "auth_user_groups_group_id_97559544" ON "auth_user_groups" ("group_id");
CREATE UNIQUE INDEX "auth_user_user_permissions_user_id_permission_id_14a6b632_uniq" ON "auth_user_user_permissions" ("user_id", "permission_id");
CREATE INDEX IF NOT EXISTS "auth_user_user_permissions_user_id_a95ead1b" ON "auth_user_user_permissions" ("user_id");
CREATE INDEX IF NOT EXISTS "auth_user_user_permissions_permission_id_1fbb5f2c" ON "auth_user_user_permissions" ("permission_id");
CREATE INDEX IF NOT EXISTS "django_admin_log_content_type_id_c4bce8eb" ON "django_admin_log" ("content_type_id");
CREATE INDEX IF NOT EXISTS "django_admin_log_user_id_c564eba6" ON "django_admin_log" ("user_id");
CREATE UNIQUE INDEX "django_content_type_app_label_model_76bd3d3b_uniq" ON "django_content_type" ("app_label", "model");
CREATE UNIQUE INDEX "auth_permission_content_type_id_codename_01ab375a_uniq" ON "auth_permission" ("content_type_id", "codename");
CREATE INDEX IF NOT EXISTS "auth_permission_content_type_id_2f476e4b" ON "auth_permission" ("content_type_id");
CREATE INDEX IF NOT EXISTS "django_session_expire_date_a5c62663" ON "django_session" ("expire_date");
CREATE INDEX IF NOT EXISTS "home_post_user_id_4e975327" ON "home_post" ("user_id");
CREATE UNIQUE INDEX "home_friend_users_friend_id_user_id_ccea7aea_uniq" ON "home_friend_users" ("friend_id", "user_id");
CREATE INDEX IF NOT EXISTS "home_friend_users_friend_id_26bab69d" ON "home_friend_users" ("friend_id");
CREATE INDEX IF NOT EXISTS "home_friend_users_user_id_201ee81b" ON "home_friend_users" ("user_id");
CREATE INDEX IF NOT EXISTS "home_friend_current_user_id_a86fccfb" ON "home_friend" ("current_user_id");
CREATE INDEX IF NOT EXISTS "blog_blogpost_author_id_ffcc150f" ON "blog_blogpost" ("author_id");
CREATE INDEX IF NOT EXISTS "home_comment_comment_body_id_1f019a5f" ON "home_comment" ("comment_body_id");
CREATE INDEX IF NOT EXISTS "home_blogpost_author_id_74311485" ON "home_blogpost" ("author_id");
CREATE TABLE "auth_user_groups" ("id" integer NOT NULL PRIMARY KEY AUTOINCREMENT, "user_id" integer NOT NULL REFERENCES "auth_user" ("id"), "group_id" integer NOT NULL REFERENCES "auth_group" ("id"));
CREATE UNIQUE INDEX "auth_group_permissions_group_id_permission_id_0cd325b0_uniq" ON "auth_group_permissions" ("group_id", "permission_id");
CREATE INDEX IF NOT EXISTS "auth_group_permissions_group_id_b120cbf9" ON "auth_group_permissions" ("group_id");
CREATE INDEX IF NOT EXISTS "auth_group_permissions_permission_id_84c5c92e" ON "auth_group_permissions" ("permission_id");
CREATE UNIQUE INDEX "auth_user_groups_user_id_group_id_94350c0c_uniq" ON "auth_user_groups" ("user_id", "group_id");
CREATE INDEX IF NOT EXISTS "auth_user_groups_user_id_6a12ed8b" ON "auth_user_groups" ("user_id");
CREATE INDEX IF NOT EXISTS "auth_user_groups_group_id_97559544" ON "auth_user_groups" ("group_id");
CREATE UNIQUE INDEX "auth_user_user_permissions_user_id_permission_id_14a6b632_uniq" ON "auth_user_user_permissions" ("user_id", "permission_id");
CREATE INDEX IF NOT EXISTS "auth_user_user_permissions_user_id_a95ead1b" ON "auth_user_user_permissions" ("user_id");
CREATE INDEX IF NOT EXISTS "auth_user_user_permissions_permission_id_1fbb5f2c" ON "auth_user_user_permissions" ("permission_id");
CREATE INDEX IF NOT EXISTS "django_admin_log_content_type_id_c4bce8eb" ON "django_admin_log" ("content_type_id");
CREATE INDEX IF NOT EXISTS "django_admin_log_user_id_c564eba6" ON "django_admin_log" ("user_id");
CREATE UNIQUE INDEX "django_content_type_app_label_model_76bd3d3b_uniq" ON "django_content_type" ("app_label", "model");
CREATE UNIQUE INDEX "auth_permission_content_type_id_codename_01ab375a_uniq" ON "auth_permission" ("content_type_id", "codename");
CREATE INDEX IF NOT EXISTS "auth_permission_content_type_id_2f476e4b" ON "auth_permission" ("content_type_id");
CREATE INDEX IF NOT EXISTS "django_session_expire_date_a5c62663" ON "django_session" ("expire_date");
CREATE INDEX IF NOT EXISTS "home_post_user_id_4e975327" ON "home_post" ("user_id");
CREATE UNIQUE INDEX "home_friend_users_friend_id_user_id_ccea7aea_uniq" ON "home_friend_users" ("friend_id", "user_id");
CREATE INDEX IF NOT EXISTS "home_friend_users_friend_id_26bab69d" ON "home_friend_users" ("friend_id");
CREATE INDEX IF NOT EXISTS "home_friend_users_user_id_201ee81b" ON "home_friend_users" ("user_id");
CREATE INDEX IF NOT EXISTS "home_friend_current_user_id_a86fccfb" ON "home_friend" ("current_user_id");
CREATE INDEX IF NOT EXISTS "blog_blogpost_author_id_ffcc150f" ON "blog_blogpost" ("author_id");
CREATE INDEX IF NOT EXISTS "home_comment_comment_body_id_1f019a5f" ON "home_comment" ("comment_body_id");
CREATE INDEX IF NOT EXISTS "home_blogpost_author_id_74311485" ON "home_blogpost" ("author_id");
CREATE TABLE "auth_user_user_permissions" ("id" integer NOT NULL PRIMARY KEY AUTOINCREMENT, "user_id" integer NOT NULL REFERENCES "auth_user" ("id"), "permission_id" integer NOT NULL REFERENCES "auth_permission" ("id"));
CREATE UNIQUE INDEX "auth_group_permissions_group_id_permission_id_0cd325b0_uniq" ON "auth_group_permissions" ("group_id", "permission_id");
CREATE INDEX IF NOT EXISTS "auth_group_permissions_group_id_b120cbf9" ON "auth_group_permissions" ("group_id");
CREATE INDEX IF NOT EXISTS "auth_group_permissions_permission_id_84c5c92e" ON "auth_group_permissions" ("permission_id");
CREATE UNIQUE INDEX "auth_user_groups_user_id_group_id_94350c0c_uniq" ON "auth_user_groups" ("user_id", "group_id");
CREATE INDEX IF NOT EXISTS "auth_user_groups_user_id_6a12ed8b" ON "auth_user_groups" ("user_id");
CREATE INDEX IF NOT EXISTS "auth_user_groups_group_id_97559544" ON "auth_user_groups" ("group_id");
CREATE UNIQUE INDEX "auth_user_user_permissions_user_id_permission_id_14a6b632_uniq" ON "auth_user_user_permissions" ("user_id", "permission_id");
CREATE INDEX IF NOT EXISTS "auth_user_user_permissions_user_id_a95ead1b" ON "auth_user_user_permissions" ("user_id");
CREATE INDEX IF NOT EXISTS "auth_user_user_permissions_permission_id_1fbb5f2c" ON "auth_user_user_permissions" ("permission_id");
CREATE INDEX IF NOT EXISTS "django_admin_log_content_type_id_c4bce8eb" ON "django_admin_log" ("content_type_id");
CREATE INDEX IF NOT EXISTS "django_admin_log_user_id_c564eba6" ON "django_admin_log" ("user_id");
CREATE UNIQUE INDEX "django_content_type_app_label_model_76bd3d3b_uniq" ON "django_content_type" ("app_label", "model");
CREATE UNIQUE INDEX "auth_permission_content_type_id_codename_01ab375a_uniq" ON "auth_permission" ("content_type_id", "codename");
CREATE INDEX IF NOT EXISTS "auth_permission_content_type_id_2f476e4b" ON "auth_permission" ("content_type_id");
CREATE INDEX IF NOT EXISTS "django_session_expire_date_a5c62663" ON "django_session" ("expire_date");
CREATE INDEX IF NOT EXISTS "home_post_user_id_4e975327" ON "home_post" ("user_id");
CREATE UNIQUE INDEX "home_friend_users_friend_id_user_id_ccea7aea_uniq" ON "home_friend_users" ("friend_id", "user_id");
CREATE INDEX IF NOT EXISTS "home_friend_users_friend_id_26bab69d" ON "home_friend_users" ("friend_id");
CREATE INDEX IF NOT EXISTS "home_friend_users_user_id_201ee81b" ON "home_friend_users" ("user_id");
CREATE INDEX IF NOT EXISTS "home_friend_current_user_id_a86fccfb" ON "home_friend" ("current_user_id");
CREATE INDEX IF NOT EXISTS "blog_blogpost_author_id_ffcc150f" ON "blog_blogpost" ("author_id");
CREATE INDEX IF NOT EXISTS "home_comment_comment_body_id_1f019a5f" ON "home_comment" ("comment_body_id");
CREATE INDEX IF NOT EXISTS "home_blogpost_author_id_74311485" ON "home_blogpost" ("author_id");
CREATE TABLE "blog_blogpost" ("id" integer NOT NULL PRIMARY KEY AUTOINCREMENT, "title" varchar(64) NOT NULL, "date" datetime NOT NULL, "body" text NOT NULL, "author_id" integer NOT NULL REFERENCES "auth_user" ("id"));
INSERT INTO "blog_blogpost" VALUES(1,'The Day It All Went To Pot','2017-09-06 03:15:01','The frightened proprietor hands over money. Fifty bucks, a
          hundred, doesn''t matter. COSTELLO is never the threatener.
          His demeanor is gentle, philosophical. Almost a shrink''s
          probing bedside manner. He has great interest in the world
          as he moves through it. As if he originally came from a
          different world and his survival in this one depends on close
          continual observation and analysis.
          
          YOUNG COLIN looks up. CLOSE ON his eyes. He is fourteen or
          fifteen, but small for his age. Bookish.
          
          COSTELLO eyes the proprietor''s TEENAGE DAUGHTER, working
          behind the counter. He takes a propane lighter, and,
          strangely, pays for it (the proprietor startled) and waits
          for change. He lights a MORE cigarette with the lighter.',1);
INSERT INTO "blog_blogpost" VALUES(2,'Python','2017-09-08 02:00:33','What happens when the world collapses and we''re all left clutching our cocks in despair thinking we would never be in an earthquake.',24);
INSERT INTO "blog_blogpost" VALUES(3,'Does it really work?','2017-09-10 01:45:14','As COLIN leaves the office, looking very satisfied and no
little saturnine (it''s not as if he isn''t pleased by
recognition and it''s not as if he won''t get revenge on
Dignam), he barely glances--and does not actually see--the
TRAINEE sitting off to one side. He sees polished brogues,
and walks on.',7);
CREATE UNIQUE INDEX "auth_group_permissions_group_id_permission_id_0cd325b0_uniq" ON "auth_group_permissions" ("group_id", "permission_id");
CREATE INDEX IF NOT EXISTS "auth_group_permissions_group_id_b120cbf9" ON "auth_group_permissions" ("group_id");
CREATE INDEX IF NOT EXISTS "auth_group_permissions_permission_id_84c5c92e" ON "auth_group_permissions" ("permission_id");
CREATE UNIQUE INDEX "auth_user_groups_user_id_group_id_94350c0c_uniq" ON "auth_user_groups" ("user_id", "group_id");
CREATE INDEX IF NOT EXISTS "auth_user_groups_user_id_6a12ed8b" ON "auth_user_groups" ("user_id");
CREATE INDEX IF NOT EXISTS "auth_user_groups_group_id_97559544" ON "auth_user_groups" ("group_id");
CREATE UNIQUE INDEX "auth_user_user_permissions_user_id_permission_id_14a6b632_uniq" ON "auth_user_user_permissions" ("user_id", "permission_id");
CREATE INDEX IF NOT EXISTS "auth_user_user_permissions_user_id_a95ead1b" ON "auth_user_user_permissions" ("user_id");
CREATE INDEX IF NOT EXISTS "auth_user_user_permissions_permission_id_1fbb5f2c" ON "auth_user_user_permissions" ("permission_id");
CREATE INDEX IF NOT EXISTS "django_admin_log_content_type_id_c4bce8eb" ON "django_admin_log" ("content_type_id");
CREATE INDEX IF NOT EXISTS "django_admin_log_user_id_c564eba6" ON "django_admin_log" ("user_id");
CREATE UNIQUE INDEX "django_content_type_app_label_model_76bd3d3b_uniq" ON "django_content_type" ("app_label", "model");
CREATE UNIQUE INDEX "auth_permission_content_type_id_codename_01ab375a_uniq" ON "auth_permission" ("content_type_id", "codename");
CREATE INDEX IF NOT EXISTS "auth_permission_content_type_id_2f476e4b" ON "auth_permission" ("content_type_id");
CREATE INDEX IF NOT EXISTS "django_session_expire_date_a5c62663" ON "django_session" ("expire_date");
CREATE INDEX IF NOT EXISTS "home_post_user_id_4e975327" ON "home_post" ("user_id");
CREATE UNIQUE INDEX "home_friend_users_friend_id_user_id_ccea7aea_uniq" ON "home_friend_users" ("friend_id", "user_id");
CREATE INDEX IF NOT EXISTS "home_friend_users_friend_id_26bab69d" ON "home_friend_users" ("friend_id");
CREATE INDEX IF NOT EXISTS "home_friend_users_user_id_201ee81b" ON "home_friend_users" ("user_id");
CREATE INDEX IF NOT EXISTS "home_friend_current_user_id_a86fccfb" ON "home_friend" ("current_user_id");
CREATE INDEX IF NOT EXISTS "blog_blogpost_author_id_ffcc150f" ON "blog_blogpost" ("author_id");
CREATE INDEX IF NOT EXISTS "home_comment_comment_body_id_1f019a5f" ON "home_comment" ("comment_body_id");
CREATE INDEX IF NOT EXISTS "home_blogpost_author_id_74311485" ON "home_blogpost" ("author_id");
CREATE TABLE "django_admin_log" ("id" integer NOT NULL PRIMARY KEY AUTOINCREMENT, "object_id" text NULL, "object_repr" varchar(200) NOT NULL, "action_flag" smallint unsigned NOT NULL, "change_message" text NOT NULL, "content_type_id" integer NULL REFERENCES "django_content_type" ("id"), "user_id" integer NOT NULL REFERENCES "auth_user" ("id"), "action_time" datetime NOT NULL);
INSERT INTO "django_admin_log" VALUES(1,'1','mo',2,'[{"changed": {"fields": ["first_name", "last_name", "email"]}}]',2,1,'2017-07-23 16:04:36.187500');
INSERT INTO "django_admin_log" VALUES(2,'2','test',1,'[{"added": {}}]',2,1,'2017-07-23 16:44:24.796875');
INSERT INTO "django_admin_log" VALUES(3,'6','tecumseh',2,'[{"changed": {"fields": ["description", "city", "website", "phone"]}}]',7,1,'2017-07-28 03:20:33.359375');
INSERT INTO "django_admin_log" VALUES(4,'6','tecumseh',2,'[{"changed": {"fields": ["image"]}}]',7,1,'2017-07-28 03:35:10.750000');
INSERT INTO "django_admin_log" VALUES(5,'6','tecumseh',2,'[]',7,1,'2017-07-28 03:45:22.953125');
INSERT INTO "django_admin_log" VALUES(6,'6','tecumseh',2,'[{"changed": {"fields": ["image"]}}]',7,1,'2017-07-28 03:46:08.796875');
INSERT INTO "django_admin_log" VALUES(7,'6','tecumseh',2,'[{"changed": {"fields": ["image"]}}]',7,1,'2017-07-28 03:46:08.859375');
INSERT INTO "django_admin_log" VALUES(8,'6','tecumseh',2,'[{"changed": {"fields": ["image"]}}]',7,1,'2017-07-28 03:48:41.015625');
INSERT INTO "django_admin_log" VALUES(9,'6','tecumseh',2,'[{"changed": {"fields": ["image"]}}]',7,1,'2017-07-28 03:48:46.156250');
INSERT INTO "django_admin_log" VALUES(10,'6','tecumseh',2,'[{"changed": {"fields": ["image"]}}]',7,1,'2017-07-28 03:50:02.828125');
INSERT INTO "django_admin_log" VALUES(11,'6','tecumseh',2,'[{"changed": {"fields": ["image"]}}]',7,1,'2017-07-28 03:50:07.843750');
INSERT INTO "django_admin_log" VALUES(12,'6','tecumseh',2,'[{"changed": {"fields": ["image"]}}]',7,1,'2017-07-28 03:56:32.640625');
INSERT INTO "django_admin_log" VALUES(13,'6','tecumseh',2,'[{"changed": {"fields": ["image"]}}]',7,1,'2017-07-28 03:56:43.406250');
INSERT INTO "django_admin_log" VALUES(14,'6','tecumseh',2,'[{"changed": {"fields": ["image"]}}]',7,1,'2017-07-28 03:59:07.062500');
INSERT INTO "django_admin_log" VALUES(15,'6','tecumseh',2,'[{"changed": {"fields": ["image"]}}]',7,1,'2017-07-28 03:59:27.828125');
INSERT INTO "django_admin_log" VALUES(16,'6','tecumseh',2,'[{"changed": {"fields": ["image"]}}]',7,1,'2017-07-28 04:03:49.312500');
INSERT INTO "django_admin_log" VALUES(17,'6','tecumseh',2,'[{"changed": {"fields": ["image"]}}]',7,1,'2017-07-28 04:04:00.140625');
INSERT INTO "django_admin_log" VALUES(18,'6','tecumseh',2,'[{"changed": {"fields": ["image"]}}]',7,1,'2017-07-28 04:06:04.093750');
INSERT INTO "django_admin_log" VALUES(19,'6','tecumseh',2,'[{"changed": {"fields": ["image"]}}]',7,1,'2017-07-28 04:06:09.968750');
INSERT INTO "django_admin_log" VALUES(20,'6','tecumseh',2,'[{"changed": {"fields": ["image"]}}]',7,1,'2017-07-28 04:07:17.515625');
INSERT INTO "django_admin_log" VALUES(21,'6','tecumseh',2,'[{"changed": {"fields": ["image"]}}]',7,1,'2017-07-28 04:07:23.250000');
INSERT INTO "django_admin_log" VALUES(22,'6','tecumseh',2,'[{"changed": {"fields": ["image"]}}]',7,1,'2017-07-28 04:09:55.984375');
INSERT INTO "django_admin_log" VALUES(23,'6','tecumseh',2,'[{"changed": {"fields": ["image"]}}]',7,1,'2017-07-28 04:15:02.218750');
INSERT INTO "django_admin_log" VALUES(24,'1','Friend object',1,'[{"added": {}}]',9,1,'2017-08-02 14:32:43.765625');
INSERT INTO "django_admin_log" VALUES(25,'1','Friend object',2,'[{"changed": {"fields": ["current_user"]}}]',9,1,'2017-08-06 00:28:33.250000');
INSERT INTO "django_admin_log" VALUES(26,'2','Friend object',1,'[{"added": {}}]',9,1,'2017-08-06 00:29:16.046875');
INSERT INTO "django_admin_log" VALUES(27,'60','Post object',3,'',8,1,'2017-08-26 20:39:32.474625');
INSERT INTO "django_admin_log" VALUES(28,'1','The Day It All Went To Pot (mo) Khimji feawrfeageagr',1,'[{"added": {}}]',13,1,'2017-09-06 03:15:05.531250');
INSERT INTO "django_admin_log" VALUES(29,'1','The Day It All Went To Pot (mo) Khimji OMG WTF HAX',2,'[{"changed": {"fields": ["body"]}}]',13,1,'2017-09-06 03:15:16.406250');
INSERT INTO "django_admin_log" VALUES(30,'1','The Day It All Went To Pot mo (mo) Khimji OMG WTF HAX',2,'[]',13,1,'2017-09-06 03:29:22.968750');
INSERT INTO "django_admin_log" VALUES(31,'1','The Day It All Went To Pot mo (mo) Khimji The frightened proprietor hands over money. Fifty bucks, a
          hundred, doesn''t matter. COSTELLO is never the threatener.
          His demeanor is ge',2,'[{"changed": {"fields": ["body"]}}]',13,1,'2017-09-07 01:10:51.562500');
INSERT INTO "django_admin_log" VALUES(32,'2','Python Battash (Andeh) McCorm What happens when the world collapses and we''re all left clutching our cocks in despair thinking we would never be in an earthquake.',1,'[{"added": {}}]',13,1,'2017-09-08 02:01:00.234375');
INSERT INTO "django_admin_log" VALUES(33,'3','Does it really work? tecumseh (Jim) Cron As COLIN leaves the office, looking very satisfied and no
little saturnine (it''s not as if he isn''t pleased by
recognition and it''s not as if he won''t get re',1,'[{"added": {}}]',13,1,'2017-09-10 01:47:05.101342');
INSERT INTO "django_admin_log" VALUES(34,'1','w3r34t34 Al (Jazeera) Medhi dfqg3q345gh',1,'[{"added": {}}]',11,1,'2017-09-11 05:28:56.640625');
INSERT INTO "django_admin_log" VALUES(35,'2','Lets c if dis worx mo (moham) Khimji 11th september bra been 16 years familiarity',1,'[{"added": {}}]',11,1,'2017-09-12 02:01:44.453125');
INSERT INTO "django_admin_log" VALUES(36,'3','Tekken swag (swag) yolo Wag1 killers',1,'[{"added": {}}]',11,1,'2017-09-12 04:43:51.078125');
INSERT INTO "django_admin_log" VALUES(37,'3','Tekken swag (swag) yolo Some students will pretend to train hard only when they believe their sensei is watching. These types of students devote more energy towards attracting their sensei''s attention',2,'[{"changed": {"fields": ["body"]}}]',11,1,'2017-09-12 04:58:17.859375');
INSERT INTO "django_admin_log" VALUES(38,'2','Unreal Tournament 2004 mo (moham) Khimji The game is set in a universe where humans long before fought a war with the Skaarj, leaving their galactic empire in shambles. To assist in the rebuilding of ',2,'[{"changed": {"fields": ["title", "body"]}}]',11,1,'2017-09-12 04:59:48.109375');
INSERT INTO "django_admin_log" VALUES(39,'1','w3r34t34 Mikey (Mikey) Palmice Halo revolutionized first-person controls on consoles with its dual analog setup, and its regenerating shields and two weapon system sent huge ripples through the design',2,'[{"changed": {"fields": ["author", "body"]}}]',11,1,'2017-09-12 05:01:13.500000');
INSERT INTO "django_admin_log" VALUES(40,'1','Halo PC Mikey (Mikey) Palmice Halo revolutionized first-person controls on consoles with its dual analog setup, and its regenerating shields and two weapon system sent huge ripples through the design ',2,'[{"changed": {"fields": ["title"]}}]',11,1,'2017-09-12 05:01:53.468750');
INSERT INTO "django_admin_log" VALUES(41,'3','Tekken swag (swag) yolo Some students will pretend to train hard only when they believe their sensei is watching. These types of students devote more energy towards attracting their sensei''s attention',2,'[{"changed": {"fields": ["image"]}}]',11,1,'2017-09-14 15:23:48.671875');
INSERT INTO "django_admin_log" VALUES(42,'2','Unreal Tournament 2004 mo (moham) Khimji The game is set in a universe where humans long before fought a war with the Skaarj, leaving their galactic empire in shambles. To assist in the rebuilding of ',2,'[{"changed": {"fields": ["pic"]}}]',11,1,'2017-09-15 01:58:41.671875');
INSERT INTO "django_admin_log" VALUES(43,'3','Tekken swag (swag) yolo Some students will pretend to train hard only when they believe their sensei is watching. These types of students devote more energy towards attracting their sensei''s attention',2,'[{"changed": {"fields": ["pic"]}}]',11,1,'2017-09-15 02:02:12.921875');
INSERT INTO "django_admin_log" VALUES(44,'3','Tekken swag (swag) yolo Some students will pretend to train hard only when they believe their sensei is watching. These types of students devote more energy towards attracting their sensei''s attention',2,'[{"changed": {"fields": ["pic"]}}]',11,1,'2017-09-15 02:02:28');
INSERT INTO "django_admin_log" VALUES(45,'3','Tekken swag (swag) yolo Some students will pretend to train hard only when they believe their sensei is watching. These types of students devote more energy towards attracting their sensei''s attention',2,'[{"changed": {"fields": ["pic"]}}]',11,1,'2017-09-15 04:10:07.156250');
INSERT INTO "django_admin_log" VALUES(46,'3','Tekken swag (swag) yolo Some students will pretend to train hard only when they believe their sensei is watching. These types of students devote more energy towards attracting their sensei''s attention',2,'[{"changed": {"fields": ["pic"]}}]',11,1,'2017-09-15 04:10:16.203125');
INSERT INTO "django_admin_log" VALUES(47,'2','Unreal Tournament 2004 mo (moham) Khimji The game is set in a universe where humans long before fought a war with the Skaarj, leaving their galactic empire in shambles. To assist in the rebuilding of ',2,'[{"changed": {"fields": ["pic"]}}]',11,1,'2017-09-15 04:15:22.859375');
INSERT INTO "django_admin_log" VALUES(48,'2','Unreal Tournament 2004 mo (moham) Khimji The game is set in a universe where humans long before fought a war with the Skaarj, leaving their galactic empire in shambles. To assist in the rebuilding of ',2,'[{"changed": {"fields": ["pic"]}}]',11,1,'2017-09-15 04:15:33.093750');
INSERT INTO "django_admin_log" VALUES(49,'1','Halo PC Mikey (Mikey) Palmice Halo revolutionized first-person controls on consoles with its dual analog setup, and its regenerating shields and two weapon system sent huge ripples through the design ',2,'[{"changed": {"fields": ["pic"]}}]',11,1,'2017-09-15 04:18:24.953125');
INSERT INTO "django_admin_log" VALUES(50,'1','Halo PC Mikey (Mikey) Palmice Halo revolutionized first-person controls on consoles with its dual analog setup, and its regenerating shields and two weapon system sent huge ripples through the design ',2,'[{"changed": {"fields": ["comments"]}}]',11,1,'2017-09-17 05:35:34.906250');
INSERT INTO "django_admin_log" VALUES(51,'7','asdfasv4t savethebees (dandy) carrol ewrfwt542 43t63wewrgf',3,'',11,1,'2017-09-18 01:54:43.343750');
INSERT INTO "django_admin_log" VALUES(52,'6','asdfasv4t savethebees (dandy) carrol ewrfwt542 43t63wewrgf',3,'',11,1,'2017-09-18 01:54:43.359375');
INSERT INTO "django_admin_log" VALUES(53,'5','erge456 esdgsdh (dhrfghsgh) gzsdgfsdh reter gdrfdfbsrfh',3,'',11,1,'2017-09-18 01:54:43.390625');
INSERT INTO "django_admin_log" VALUES(54,'4','asdqadq omgwtfhax (Halo) Lover asdqrf qw3er23r',3,'',11,1,'2017-09-18 01:54:43.421875');
INSERT INTO "django_admin_log" VALUES(55,'1','bnbvvcbvbb 2017-09-19 02:28:30.484375+00:00',1,'[{"added": {}}]',14,1,'2017-09-19 02:28:30.484375');
INSERT INTO "django_admin_log" VALUES(56,'1','bnbvvcbvbb 2017-09-19 02:28:30.484375+00:00',2,'[]',14,1,'2017-09-19 02:37:04.203125');
INSERT INTO "django_admin_log" VALUES(57,'1','bnbvvcbvbb 2017-09-19 02:28:30.484375+00:00',2,'[]',14,1,'2017-09-19 02:37:04.250000');
INSERT INTO "django_admin_log" VALUES(58,'1','Psycho sdfergw56y456htrghgffbnfgbngdfbdrgtherthrtherthggdfbdfgbdfght6r5y465htrhetrhetrhtrh',2,'[{"changed": {"fields": ["Name", "comment", "comment_body"]}}]',14,1,'2017-09-19 04:47:21.640625');
INSERT INTO "django_admin_log" VALUES(59,'1','Psycho sdfergw56y456htrghgffbnfgbngdfbdrgtherthrtherthggdfbdfgbdfght6r5y465htrhetrhetrhtrh',2,'[]',14,1,'2017-09-19 05:00:18.796875');
INSERT INTO "django_admin_log" VALUES(60,'1','LemonDropKid vfdzbdfgbn78967658658568568568658',2,'[{"changed": {"fields": ["Name", "comment", "comment_body"]}}]',14,1,'2017-09-19 05:05:44.187500');
INSERT INTO "django_admin_log" VALUES(61,'1','LemonDropKid vfdzbdfgbn78967658658568568568658',3,'',14,1,'2017-09-19 05:54:27.546875');
INSERT INTO "django_admin_log" VALUES(62,'2','psycho dsfwtr34',1,'[{"added": {}}]',14,1,'2017-09-19 05:54:49.781250');
INSERT INTO "django_admin_log" VALUES(63,'3','shiver 2017-09-19 06:06:28.234375+00:00 Tekken swag (swag) yolo Some students will pretend to train hard only when they believe their sensei is watching. These types of students devote more energy tow',1,'[{"added": {}}]',14,1,'2017-09-19 06:06:28.234375');
INSERT INTO "django_admin_log" VALUES(64,'4','65 jjuyj',1,'[{"added": {}}]',14,1,'2017-09-19 06:09:56.015625');
INSERT INTO "django_admin_log" VALUES(65,'5','44444 rfefeffewrf',1,'[{"added": {}}]',14,1,'2017-09-19 06:10:55.890625');
INSERT INTO "django_admin_log" VALUES(66,'6','aaaaaaaaaaa bnty6t7u876tyjgthj',1,'[{"added": {}}]',14,1,'2017-09-19 06:41:02.921875');
INSERT INTO "django_admin_log" VALUES(67,'7',' ',3,'',14,1,'2017-09-19 06:47:21.359375');
INSERT INTO "django_admin_log" VALUES(68,'8',' ',3,'',14,1,'2017-09-19 06:47:30.562500');
INSERT INTO "django_admin_log" VALUES(69,'10',' ',3,'',14,1,'2017-09-19 06:50:26.531250');
INSERT INTO "django_admin_log" VALUES(70,'9',' ',3,'',14,1,'2017-09-19 06:50:26.609375');
INSERT INTO "django_admin_log" VALUES(71,'11','e4rq43r34r erferfeqwfw',1,'[{"added": {}}]',14,1,'2017-09-19 20:58:18.859375');
INSERT INTO "django_admin_log" VALUES(72,'16','psycho thwatg',1,'[{"added": {}}]',14,1,'2017-09-19 22:19:48.312500');
INSERT INTO "django_admin_log" VALUES(73,'17','war wasdrfsg',1,'[{"added": {}}]',14,1,'2017-09-19 22:30:55.468750');
INSERT INTO "django_admin_log" VALUES(74,'19','ty8 6ghi',2,'[{"changed": {"fields": ["comment"]}}]',14,1,'2017-09-19 23:29:11.328125');
INSERT INTO "django_admin_log" VALUES(75,'4','Honda Civic Mikey (Mikey) Palmice In retrospect, a five second handicap may have been a bit too long because once the Civics front wheels lock up with the pavement, the spunky racers hatch is all St',1,'[{"added": {}}]',11,1,'2017-10-01 03:14:26.375000');
INSERT INTO "django_admin_log" VALUES(76,'4','Honda NSX Mikey (Mikey) Palmice In retrospect, a five second handicap may have been a bit too long because once the Civics front wheels lock up with the pavement, the spunky racers hatch is all Stev',2,'[{"changed": {"fields": ["title"]}}]',11,1,'2017-10-13 06:32:51.812500');
INSERT INTO "django_admin_log" VALUES(77,'5','Tekken 2 Fatima (Fatima) Khimji asdwagfe4534564yhet',1,'[{"added": {}}]',11,1,'2017-10-15 04:58:03.359375');
INSERT INTO "django_admin_log" VALUES(78,'56','Mo comment_id',2,'[{"changed": {"fields": ["comment_body"]}}]',14,1,'2017-10-16 00:52:22.406250');
INSERT INTO "django_admin_log" VALUES(79,'72','Karwaniunder Lol',1,'[{"added": {}}]',14,1,'2017-10-16 00:54:41.031250');
INSERT INTO "django_admin_log" VALUES(80,'6','xjtyjtyjr5 dave (uti) dave` ewsfewrgqy5y ',1,'[{"added": {}}]',11,1,'2017-10-19 15:26:00.843750');
INSERT INTO "django_admin_log" VALUES(81,'7','ewsfwgerg asfewf (dfddsd) sdvsadcv fdvaedfhberthh ',1,'[{"added": {}}]',11,1,'2017-10-23 01:42:17.062500');
INSERT INTO "django_admin_log" VALUES(82,'7','Street Figher omgwtfhax (Halo) Lover Street Fighter II: The World Warrior was released in 1991, and was the first true sequel to the original Street Fighter. This release followed an unsuccessful atte',2,'[{"changed": {"fields": ["pic", "title", "author", "body"]}}]',11,1,'2017-10-29 01:14:49.625000');
INSERT INTO "django_admin_log" VALUES(83,'7','Street Figher omgwtfhax (Halo) Lover Street Fighter II: The World Warrior was released in 1991, and was the first true sequel to the original Street Fighter. This release followed an unsuccessful atte',2,'[{"changed": {"fields": ["body"]}}]',11,1,'2017-10-29 01:16:20.437500');
INSERT INTO "django_admin_log" VALUES(84,'7','Street Fighter omgwtfhax (Halo) Lover Street Fighter II: The World Warrior was released in 1991, and was the first true sequel to the original Street Fighter. This release followed an unsuccessful att',2,'[{"changed": {"fields": ["title"]}}]',11,1,'2017-10-29 01:16:47.281250');
INSERT INTO "django_admin_log" VALUES(85,'6','Quake Live dave (uti) dave` Quake Live is a first-person shooter video game by id Software. It is an updated version of Quake III Arena that was originally designed as a free-to-play game launched via',2,'[{"changed": {"fields": ["pic", "title", "body"]}}]',11,1,'2017-10-29 01:19:31.734375');
INSERT INTO "django_admin_log" VALUES(86,'6','Quake Live dave (uti) dave` Quake Live is a first-person shooter video game by id Software. It is an updated version of Quake III Arena that was originally designed as a free-to-play game launched via',2,'[]',11,1,'2017-10-29 01:19:39.625000');
INSERT INTO "django_admin_log" VALUES(87,'5','Tekken 2 Ron (Ron) Harris Doom (stylized as DOOM) is a series of first-person shooter video games developed by id Software. The series focuses on the exploits of an unnamed space marine operating unde',2,'[{"changed": {"fields": ["pic", "author", "body"]}}]',11,1,'2017-10-29 01:22:00.906250');
INSERT INTO "django_admin_log" VALUES(88,'5','Doom Ron (Ron) Harris Doom (stylized as DOOM) is a series of first-person shooter video games developed by id Software. The series focuses on the exploits of an unnamed space marine operating under th',2,'[{"changed": {"fields": ["pic", "title"]}}]',11,1,'2017-10-29 01:23:17.046875');
INSERT INTO "django_admin_log" VALUES(89,'7','Street Fighter 2 omgwtfhax Halo Lover ',2,'[{"changed": {"fields": ["title"]}}]',11,1,'2017-10-29 01:53:34.921875');
INSERT INTO "django_admin_log" VALUES(90,'6','Quake Live dave uti dave` ',2,'[]',11,1,'2017-10-29 01:54:20.484375');
INSERT INTO "django_admin_log" VALUES(91,'7','Street Fighter omgwtfhax Halo Lover ',2,'[{"changed": {"fields": ["title"]}}]',11,1,'2017-10-29 01:54:37.609375');
INSERT INTO "django_admin_log" VALUES(92,'6','Quake Live dave uti dave` ',2,'[]',11,1,'2017-10-29 01:54:40');
INSERT INTO "django_admin_log" VALUES(93,'5','Doom Ron Ron Harris ',2,'[]',11,1,'2017-10-29 01:54:43.765625');
INSERT INTO "django_admin_log" VALUES(94,'4','Honda NSX Mikey Mikey Palmice ',2,'[]',11,1,'2017-10-29 01:54:47.390625');
INSERT INTO "django_admin_log" VALUES(95,'5','Doom Ron Ron Harris ',3,'',11,1,'2017-12-04 02:53:05.811417');
INSERT INTO "django_admin_log" VALUES(96,'7','Street Fighter omgwtfhax Halo Lover ',2,'[{"changed": {"fields": ["body"]}}]',11,1,'2017-12-12 06:33:29.981391');
INSERT INTO "django_admin_log" VALUES(97,'7','Street Fighter omgwtfhax Halo Lover ',2,'[{"changed": {"fields": ["body"]}}]',11,1,'2017-12-12 06:34:16.201475');
INSERT INTO "django_admin_log" VALUES(98,'7','Street Fighter omgwtfhax Halo Lover ',2,'[]',11,1,'2017-12-12 06:34:22.604007');
INSERT INTO "django_admin_log" VALUES(99,'6','Quake Live dave uti dave` ',2,'[{"changed": {"fields": ["body"]}}]',11,1,'2017-12-12 06:36:31.234984');
INSERT INTO "django_admin_log" VALUES(100,'6','Quake Live dave uti dave` ',2,'[{"changed": {"fields": ["body"]}}]',11,1,'2017-12-12 06:38:48.187305');
INSERT INTO "django_admin_log" VALUES(101,'7','Street Fighter omgwtfhax Halo Lover ',2,'[{"changed": {"fields": ["body"]}}]',11,1,'2017-12-12 06:52:19.969216');
INSERT INTO "django_admin_log" VALUES(102,'8','erg Battash Andeh McCorm ',1,'[{"added": {}}]',11,1,'2017-12-12 06:55:03.308476');
INSERT INTO "django_admin_log" VALUES(103,'8','erg Battash Andeh McCorm ',3,'',11,1,'2017-12-12 06:55:24.347306');
INSERT INTO "django_admin_log" VALUES(104,'7','Street Fighter omgwtfhax Halo Lover ',2,'[{"changed": {"fields": ["body"]}}]',11,1,'2017-12-14 04:35:27.254776');
INSERT INTO "django_admin_log" VALUES(105,'7','Street Fighter omgwtfhax Halo Lover ',2,'[{"changed": {"fields": ["body"]}}]',11,1,'2017-12-14 07:00:56.541602');
INSERT INTO "django_admin_log" VALUES(106,'7','Street Fighter omgwtfhax Halo Lover ',2,'[{"changed": {"fields": ["body"]}}]',11,1,'2017-12-15 04:59:08.486069');
INSERT INTO "django_admin_log" VALUES(107,'7','Street Fighter omgwtfhax Halo Lover ',2,'[{"changed": {"fields": ["body"]}}]',11,1,'2017-12-15 05:05:01.902470');
INSERT INTO "django_admin_log" VALUES(108,'7','Street Fighter omgwtfhax Halo Lover ',2,'[{"changed": {"fields": ["body"]}}]',11,1,'2017-12-15 05:08:55.847540');
INSERT INTO "django_admin_log" VALUES(109,'7','Street Fighter omgwtfhax Halo Lover ',2,'[{"changed": {"fields": ["body"]}}]',11,1,'2017-12-15 05:12:31.651868');
INSERT INTO "django_admin_log" VALUES(110,'7','Street Fighter omgwtfhax Halo Lover ',2,'[{"changed": {"fields": ["body"]}}]',11,1,'2017-12-15 05:13:43.952867');
INSERT INTO "django_admin_log" VALUES(111,'7','Street Fighter omgwtfhax Halo Lover ',2,'[{"changed": {"fields": ["body"]}}]',11,1,'2017-12-15 05:15:21.426104');
INSERT INTO "django_admin_log" VALUES(112,'7','Street Fighter omgwtfhax Halo Lover ',2,'[{"changed": {"fields": ["body"]}}]',11,1,'2017-12-15 05:36:33.065474');
INSERT INTO "django_admin_log" VALUES(113,'7','Street Fighter omgwtfhax Halo Lover ',2,'[{"changed": {"fields": ["body"]}}]',11,1,'2017-12-15 05:37:36.498421');
INSERT INTO "django_admin_log" VALUES(114,'7','Street Fighter omgwtfhax Halo Lover ',2,'[{"changed": {"fields": ["body"]}}]',11,1,'2017-12-15 05:40:32.482568');
INSERT INTO "django_admin_log" VALUES(115,'7','Street Fighter omgwtfhax Halo Lover ',2,'[{"changed": {"fields": ["body"]}}]',11,1,'2017-12-15 05:47:46.363279');
INSERT INTO "django_admin_log" VALUES(116,'4','Honda NSX Mikey Mikey Palmice ',2,'[{"changed": {"fields": ["body"]}}]',11,1,'2017-12-15 05:49:39.330515');
INSERT INTO "django_admin_log" VALUES(117,'6','Quake Live dave uti dave` ',2,'[{"changed": {"fields": ["body"]}}]',11,1,'2017-12-15 05:50:45.315930');
INSERT INTO "django_admin_log" VALUES(118,'4','Honda NSX Mikey Mikey Palmice ',2,'[{"changed": {"fields": ["body"]}}]',11,1,'2017-12-15 05:50:52.369834');
INSERT INTO "django_admin_log" VALUES(119,'7','Street Fighter omgwtfhax Halo Lover ',2,'[{"changed": {"fields": ["body"]}}]',11,1,'2017-12-17 02:45:08.974345');
INSERT INTO "django_admin_log" VALUES(120,'2','Unreal Tournament 2004 mo Muhammad Khimji ',2,'[{"changed": {"fields": ["body"]}}]',11,1,'2018-01-01 04:38:46.576242');
INSERT INTO "django_admin_log" VALUES(121,'2','Unreal Tournament 2004 mo Muhammad Khimji ',2,'[]',11,1,'2018-01-02 03:42:57.655151');
INSERT INTO "django_admin_log" VALUES(122,'2','Unreal Tournament 2004 mo Muhammad Khimji ',2,'[{"changed": {"fields": ["body"]}}]',11,1,'2018-01-12 01:47:45.323974');
INSERT INTO "django_admin_log" VALUES(123,'2','Unreal Tournament 2004 mo Muhammad Khimji ',2,'[{"changed": {"fields": ["body"]}}]',11,1,'2018-01-12 01:49:23.662912');
INSERT INTO "django_admin_log" VALUES(124,'2','Unreal Tournament 2004 mo Muhammad Khimji ',2,'[{"changed": {"fields": ["body"]}}]',11,1,'2018-01-12 01:51:05.490297');
INSERT INTO "django_admin_log" VALUES(125,'7','Street Fighter omgwtfhax Halo Lover ',2,'[{"changed": {"fields": ["body"]}}]',11,1,'2018-01-12 02:16:35.732410');
INSERT INTO "django_admin_log" VALUES(126,'7','Street Fighter omgwtfhax Halo Lover ',2,'[{"changed": {"fields": ["body"]}}]',11,1,'2018-01-12 02:17:11.438792');
INSERT INTO "django_admin_log" VALUES(127,'7','Street Fighter omgwtfhax Halo Lover ',2,'[{"changed": {"fields": ["body"]}}]',11,1,'2018-01-12 02:18:33.599199');
INSERT INTO "django_admin_log" VALUES(128,'7','Street Fighter omgwtfhax Halo Lover ',2,'[{"changed": {"fields": ["body"]}}]',11,1,'2018-01-12 02:19:26.951081');
INSERT INTO "django_admin_log" VALUES(129,'6','Quake Live dave uti dave` ',2,'[]',11,1,'2018-01-12 04:45:38.841798');
INSERT INTO "django_admin_log" VALUES(130,'7','Extending django admin mo Muhammad Khimji ',2,'[{"changed": {"fields": ["title", "author", "body"]}}]',11,1,'2018-01-12 07:51:55.478801');
INSERT INTO "django_admin_log" VALUES(131,'6','Virtualenv installation windows 10 dave uti dave` ',2,'[{"changed": {"fields": ["title", "body"]}}]',11,1,'2018-01-13 19:11:27.754574');
INSERT INTO "django_admin_log" VALUES(132,'6','Virtualenv installation windows 10 dave uti dave` ',2,'[]',11,1,'2018-01-13 19:24:46.021745');
INSERT INTO "django_admin_log" VALUES(133,'6','Introduction to virtualenv dave uti dave` ',2,'[{"changed": {"fields": ["title", "body"]}}]',11,1,'2018-01-13 20:42:59.465857');
INSERT INTO "django_admin_log" VALUES(134,'6','Introduction to virtualenv dave uti dave` ',2,'[{"changed": {"fields": ["body"]}}]',11,1,'2018-01-13 21:00:22.253811');
INSERT INTO "django_admin_log" VALUES(135,'6','Introduction to virtualenv dave uti dave` ',2,'[{"changed": {"fields": ["body"]}}]',11,1,'2018-01-14 02:08:38.978817');
INSERT INTO "django_admin_log" VALUES(136,'6','Introduction to virtualenv dave uti dave` ',2,'[{"changed": {"fields": ["body"]}}]',11,1,'2018-01-14 06:35:30.710047');
INSERT INTO "django_admin_log" VALUES(137,'7','Extending django admin mo Muhammad Khimji ',2,'[{"changed": {"fields": ["body"]}}]',11,1,'2018-01-15 02:15:37.972456');
INSERT INTO "django_admin_log" VALUES(138,'7','Extending django admin mo Muhammad Khimji ',2,'[{"changed": {"fields": ["body"]}}]',11,1,'2018-01-15 02:17:51.905329');
INSERT INTO "django_admin_log" VALUES(139,'7','Extending django admin mo Muhammad Khimji ',2,'[{"changed": {"fields": ["body"]}}]',11,1,'2018-01-15 02:29:00.799710');
INSERT INTO "django_admin_log" VALUES(140,'7','Extending django admin mo Muhammad Khimji ',2,'[{"changed": {"fields": ["body"]}}]',11,1,'2018-01-15 02:33:01.530257');
INSERT INTO "django_admin_log" VALUES(141,'7','Extending django admin mo Muhammad Khimji ',2,'[{"changed": {"fields": ["body"]}}]',11,1,'2018-01-15 02:35:45.735416');
INSERT INTO "django_admin_log" VALUES(142,'7','Extending django admin mo Muhammad Khimji ',2,'[{"changed": {"fields": ["body"]}}]',11,1,'2018-01-15 02:36:33.153552');
INSERT INTO "django_admin_log" VALUES(143,'7','Extending django admin mo Muhammad Khimji ',2,'[{"changed": {"fields": ["body"]}}]',11,1,'2018-01-15 02:39:16.282592');
INSERT INTO "django_admin_log" VALUES(144,'7','Extending django admin mo Muhammad Khimji ',2,'[{"changed": {"fields": ["body"]}}]',11,1,'2018-01-15 02:41:17.004028');
INSERT INTO "django_admin_log" VALUES(145,'7','Extending django admin mo Muhammad Khimji ',2,'[{"changed": {"fields": ["body"]}}]',11,1,'2018-01-15 02:42:51.858891');
INSERT INTO "django_admin_log" VALUES(146,'7','Extending django admin mo Muhammad Khimji ',2,'[{"changed": {"fields": ["body"]}}]',11,1,'2018-01-15 02:43:38.992143');
INSERT INTO "django_admin_log" VALUES(147,'7','Extending django admin mo Muhammad Khimji ',2,'[{"changed": {"fields": ["body"]}}]',11,1,'2018-01-15 02:44:27.402105');
INSERT INTO "django_admin_log" VALUES(148,'7','Extending django admin mo Muhammad Khimji ',2,'[{"changed": {"fields": ["body"]}}]',11,1,'2018-01-15 05:49:10.222028');
INSERT INTO "django_admin_log" VALUES(149,'7','Extending django admin mo Muhammad Khimji ',2,'[{"changed": {"fields": ["body"]}}]',11,1,'2018-01-15 05:52:08.910099');
INSERT INTO "django_admin_log" VALUES(150,'7','Extending django admin mo Muhammad Khimji ',2,'[]',11,1,'2018-01-15 05:52:52.732544');
INSERT INTO "django_admin_log" VALUES(151,'7','Extending django admin mo Muhammad Khimji ',2,'[{"changed": {"fields": ["body"]}}]',11,1,'2018-01-15 05:53:07.486926');
INSERT INTO "django_admin_log" VALUES(152,'7','Extending django admin mo Muhammad Khimji ',2,'[{"changed": {"fields": ["body"]}}]',11,1,'2018-01-15 05:55:19.692372');
INSERT INTO "django_admin_log" VALUES(153,'7','Extending django admin mo Muhammad Khimji ',2,'[{"changed": {"fields": ["body"]}}]',11,1,'2018-01-15 05:59:37.083391');
INSERT INTO "django_admin_log" VALUES(154,'7','Extending django admin mo Muhammad Khimji ',2,'[{"changed": {"fields": ["body"]}}]',11,1,'2018-01-15 06:08:38.453276');
INSERT INTO "django_admin_log" VALUES(155,'7','Extending django admin mo Muhammad Khimji ',2,'[{"changed": {"fields": ["body"]}}]',11,1,'2018-01-16 03:53:29.549387');
INSERT INTO "django_admin_log" VALUES(156,'7','Extending django admin mo Muhammad Khimji ',2,'[{"changed": {"fields": ["body"]}}]',11,1,'2018-01-16 04:07:08.910448');
INSERT INTO "django_admin_log" VALUES(157,'7','Extending django admin mo Muhammad Khimji ',2,'[{"changed": {"fields": ["body"]}}]',11,1,'2018-01-16 04:26:03.765846');
INSERT INTO "django_admin_log" VALUES(158,'7','Extending django admin mo Muhammad Khimji ',2,'[{"changed": {"fields": ["body"]}}]',11,1,'2018-01-16 04:27:27.180895');
INSERT INTO "django_admin_log" VALUES(159,'7','Extending django admin mo Muhammad Khimji ',2,'[{"changed": {"fields": ["body"]}}]',11,1,'2018-01-16 04:29:19.118171');
INSERT INTO "django_admin_log" VALUES(160,'7','Extending django admin mo Muhammad Khimji ',2,'[{"changed": {"fields": ["body"]}}]',11,1,'2018-01-16 04:31:02.173791');
INSERT INTO "django_admin_log" VALUES(161,'7','Extending django admin mo Muhammad Khimji ',2,'[{"changed": {"fields": ["body"]}}]',11,1,'2018-01-16 04:31:26.469709');
INSERT INTO "django_admin_log" VALUES(162,'7','Extending django admin mo Muhammad Khimji ',2,'[{"changed": {"fields": ["body"]}}]',11,1,'2018-01-16 04:45:22.151212');
INSERT INTO "django_admin_log" VALUES(163,'7','Extending django admin mo Muhammad Khimji ',2,'[{"changed": {"fields": ["body"]}}]',11,1,'2018-01-16 04:48:23.204972');
INSERT INTO "django_admin_log" VALUES(164,'7','Extending django admin mo Muhammad Khimji ',2,'[{"changed": {"fields": ["body"]}}]',11,1,'2018-01-16 04:50:47.400701');
INSERT INTO "django_admin_log" VALUES(165,'7','Extending django admin mo Muhammad Khimji ',2,'[{"changed": {"fields": ["body"]}}]',11,1,'2018-01-16 04:51:12.052051');
INSERT INTO "django_admin_log" VALUES(166,'7','Extending django admin mo Muhammad Khimji ',2,'[]',11,1,'2018-01-16 05:55:35.210048');
INSERT INTO "django_admin_log" VALUES(167,'7','Extending django admin mo Muhammad Khimji ',2,'[{"changed": {"fields": ["body"]}}]',11,1,'2018-01-16 05:56:51.618886');
INSERT INTO "django_admin_log" VALUES(168,'7','Extending django admin mo Muhammad Khimji ',2,'[{"changed": {"fields": ["body"]}}]',11,1,'2018-01-16 05:57:19.922979');
INSERT INTO "django_admin_log" VALUES(169,'7','Extending django admin mo Muhammad Khimji ',2,'[{"changed": {"fields": ["body"]}}]',11,1,'2018-01-16 05:58:38.584209');
INSERT INTO "django_admin_log" VALUES(170,'7','Extending django admin mo Muhammad Khimji ',2,'[{"changed": {"fields": ["body"]}}]',11,1,'2018-01-16 05:59:10.556921');
INSERT INTO "django_admin_log" VALUES(171,'7','Extending django admin mo Muhammad Khimji ',2,'[{"changed": {"fields": ["body"]}}]',11,1,'2018-01-16 05:59:55.912854');
INSERT INTO "django_admin_log" VALUES(172,'7','Extending django admin mo Muhammad Khimji ',2,'[{"changed": {"fields": ["body"]}}]',11,1,'2018-01-16 06:00:15.594454');
INSERT INTO "django_admin_log" VALUES(173,'7','Extending django admin mo Muhammad Khimji ',2,'[{"changed": {"fields": ["body"]}}]',11,1,'2018-01-16 06:01:22.223607');
INSERT INTO "django_admin_log" VALUES(174,'7','Extending django admin mo Muhammad Khimji ',2,'[{"changed": {"fields": ["body"]}}]',11,1,'2018-01-16 06:01:56.260152');
INSERT INTO "django_admin_log" VALUES(175,'7','Extending django admin mo Muhammad Khimji ',2,'[{"changed": {"fields": ["body"]}}]',11,1,'2018-01-16 06:02:19.124974');
INSERT INTO "django_admin_log" VALUES(176,'7','Extending django admin mo Muhammad Khimji ',2,'[]',11,1,'2018-01-16 06:02:38.728894');
INSERT INTO "django_admin_log" VALUES(177,'7','Extending django admin mo Muhammad Khimji ',2,'[{"changed": {"fields": ["body"]}}]',11,1,'2018-01-16 06:05:19.796202');
INSERT INTO "django_admin_log" VALUES(178,'7','Extending django admin part 1 mo Muhammad Khimji ',2,'[{"changed": {"fields": ["title"]}}]',11,1,'2018-01-16 06:06:01.031654');
INSERT INTO "django_admin_log" VALUES(179,'7','Extending django admin part 1 mo Muhammad Khimji ',2,'[]',11,1,'2018-01-16 06:20:14.189109');
INSERT INTO "django_admin_log" VALUES(180,'9','tyhty Al Jazeera Medhi ',1,'[{"added": {}}]',11,1,'2018-01-16 06:20:29.150586');
INSERT INTO "django_admin_log" VALUES(181,'9','Django CKEditor mo Muhammad Khimji ',2,'[{"changed": {"fields": ["title", "author", "body"]}}]',11,1,'2018-01-16 06:20:59.713920');
INSERT INTO "django_admin_log" VALUES(182,'7','Django TinyMCE mo Muhammad Khimji ',2,'[{"changed": {"fields": ["title"]}}]',11,1,'2018-01-16 06:21:09.306046');
INSERT INTO "django_admin_log" VALUES(183,'9','Django CKEditor mo Muhammad Khimji ',2,'[{"changed": {"fields": ["body"]}}]',11,1,'2018-01-16 06:25:17.512830');
INSERT INTO "django_admin_log" VALUES(184,'7','Django TinyMCE mo Muhammad Khimji ',2,'[{"changed": {"fields": ["body"]}}]',11,1,'2018-01-16 06:25:27.211184');
INSERT INTO "django_admin_log" VALUES(185,'9','Django CKEditor mo Muhammad Khimji ',2,'[{"changed": {"fields": ["body"]}}]',11,1,'2018-01-16 06:26:40.657166');
INSERT INTO "django_admin_log" VALUES(186,'9','Django CKEditor mo Muhammad Khimji ',2,'[{"changed": {"fields": ["body"]}}]',11,1,'2018-01-16 06:31:36.249717');
INSERT INTO "django_admin_log" VALUES(187,'7','Django TinyMCE mo Muhammad Khimji ',2,'[{"changed": {"fields": ["body"]}}]',11,1,'2018-01-16 06:32:05.506724');
INSERT INTO "django_admin_log" VALUES(188,'9','Django CKEditor mo Muhammad Khimji ',2,'[{"changed": {"fields": ["body"]}}]',11,1,'2018-01-16 06:34:39.113638');
INSERT INTO "django_admin_log" VALUES(189,'9','Django CKEditor mo Muhammad Khimji ',2,'[{"changed": {"fields": ["body"]}}]',11,1,'2018-01-16 06:35:52.296401');
INSERT INTO "django_admin_log" VALUES(190,'9','Django CKEditor mo Muhammad Khimji ',2,'[{"changed": {"fields": ["body"]}}]',11,1,'2018-01-16 06:36:23.903376');
INSERT INTO "django_admin_log" VALUES(191,'9','Django CKEditor mo Muhammad Khimji ',2,'[{"changed": {"fields": ["body"]}}]',11,1,'2018-01-17 06:18:07.331899');
INSERT INTO "django_admin_log" VALUES(192,'9','Django CKEditor mo Muhammad Khimji ',2,'[]',11,1,'2018-01-17 06:18:21.961074');
INSERT INTO "django_admin_log" VALUES(193,'9','Django CKEditor mo Muhammad Khimji ',2,'[]',11,1,'2018-01-17 06:23:01.302576');
INSERT INTO "django_admin_log" VALUES(194,'9','Django CKEditor mo Muhammad Khimji ',2,'[{"changed": {"fields": ["body"]}}]',11,1,'2018-01-17 06:25:08.681055');
INSERT INTO "django_admin_log" VALUES(195,'9','Django CKEditor mo Muhammad Khimji ',2,'[{"changed": {"fields": ["body"]}}]',11,1,'2018-01-17 06:25:12.496384');
INSERT INTO "django_admin_log" VALUES(196,'9','Django CKEditor mo Muhammad Khimji ',2,'[{"changed": {"fields": ["body"]}}]',11,1,'2018-01-17 06:26:56.403936');
INSERT INTO "django_admin_log" VALUES(197,'9','Django CKEditor mo Muhammad Khimji ',2,'[{"changed": {"fields": ["body"]}}]',11,1,'2018-01-17 06:27:03.951540');
INSERT INTO "django_admin_log" VALUES(198,'9','Django CKEditor mo Muhammad Khimji ',2,'[{"changed": {"fields": ["body"]}}]',11,1,'2018-01-17 06:58:11.961231');
INSERT INTO "django_admin_log" VALUES(199,'9','Django CKEditor mo Muhammad Khimji ',2,'[{"changed": {"fields": ["body"]}}]',11,1,'2018-01-17 06:58:40.181746');
INSERT INTO "django_admin_log" VALUES(200,'9','Django CKEditor mo Muhammad Khimji ',2,'[{"changed": {"fields": ["body"]}}]',11,1,'2018-01-17 06:58:56.358169');
INSERT INTO "django_admin_log" VALUES(201,'9','Django CKEditor mo Muhammad Khimji ',2,'[{"changed": {"fields": ["body"]}}]',11,1,'2018-01-17 07:01:09.505477');
INSERT INTO "django_admin_log" VALUES(202,'9','Django CKEditor mo Muhammad Khimji ',2,'[{"changed": {"fields": ["body"]}}]',11,1,'2018-01-17 07:02:01.578856');
INSERT INTO "django_admin_log" VALUES(203,'9','Django CKEditor mo Muhammad Khimji ',2,'[{"changed": {"fields": ["body"]}}]',11,1,'2018-01-17 07:02:47.771178');
INSERT INTO "django_admin_log" VALUES(204,'9','Django CKEditor mo Muhammad Khimji ',2,'[{"changed": {"fields": ["body"]}}]',11,1,'2018-01-17 07:03:59.897862');
INSERT INTO "django_admin_log" VALUES(205,'9','Django CKEditor mo Muhammad Khimji ',2,'[{"changed": {"fields": ["body"]}}]',11,1,'2018-01-17 07:06:03.915503');
INSERT INTO "django_admin_log" VALUES(206,'9','Django CKEditor mo Muhammad Khimji ',2,'[{"changed": {"fields": ["body"]}}]',11,1,'2018-01-17 07:06:58.165511');
INSERT INTO "django_admin_log" VALUES(207,'9','Django CKEditor mo Muhammad Khimji ',2,'[{"changed": {"fields": ["body"]}}]',11,1,'2018-01-17 07:13:02.807286');
INSERT INTO "django_admin_log" VALUES(208,'6','Introduction to virtualenv dave uti dave` ',2,'[{"changed": {"fields": ["body"]}}]',11,1,'2018-01-17 07:15:23.577063');
INSERT INTO "django_admin_log" VALUES(209,'6','Introduction to virtualenv dave uti dave` ',2,'[{"changed": {"fields": ["body"]}}]',11,1,'2018-01-17 07:15:38.232353');
INSERT INTO "django_admin_log" VALUES(210,'6','Introduction to virtualenv dave uti dave` ',2,'[{"changed": {"fields": ["body"]}}]',11,1,'2018-01-17 07:17:20.812065');
INSERT INTO "django_admin_log" VALUES(211,'6','Virtualenv dave uti dave` ',2,'[{"changed": {"fields": ["title"]}}]',11,1,'2018-01-17 07:17:41.927771');
INSERT INTO "django_admin_log" VALUES(212,'9','Django CKEditor mo Muhammad Khimji ',2,'[{"changed": {"fields": ["body"]}}]',11,1,'2018-01-17 07:19:37.334638');
INSERT INTO "django_admin_log" VALUES(213,'9','Django CKEditor mo Muhammad Khimji ',2,'[{"changed": {"fields": ["body"]}}]',11,1,'2018-01-17 07:20:05.803414');
INSERT INTO "django_admin_log" VALUES(214,'9','Django CKEditor mo Muhammad Khimji ',2,'[{"changed": {"fields": ["body"]}}]',11,1,'2018-01-17 07:21:18.861920');
INSERT INTO "django_admin_log" VALUES(215,'9','Django CKEditor mo Muhammad Khimji ',2,'[{"changed": {"fields": ["body"]}}]',11,1,'2018-01-17 07:21:52.289640');
INSERT INTO "django_admin_log" VALUES(216,'9','Django CKEditor mo Muhammad Khimji ',2,'[{"changed": {"fields": ["body"]}}]',11,1,'2018-01-17 07:23:36.646614');
INSERT INTO "django_admin_log" VALUES(217,'9','Django CKEditor mo Muhammad Khimji ',2,'[{"changed": {"fields": ["body"]}}]',11,1,'2018-01-17 07:24:35.510706');
INSERT INTO "django_admin_log" VALUES(218,'9','Django CKEditor mo Muhammad Khimji ',2,'[{"changed": {"fields": ["body"]}}]',11,1,'2018-01-17 07:25:25.393837');
INSERT INTO "django_admin_log" VALUES(219,'9','Django CKEditor mo Muhammad Khimji ',2,'[{"changed": {"fields": ["body"]}}]',11,1,'2018-01-17 07:27:29.428002');
INSERT INTO "django_admin_log" VALUES(220,'9','Django CKEditor mo Muhammad Khimji ',2,'[{"changed": {"fields": ["body"]}}]',11,1,'2018-01-17 07:28:00.473701');
INSERT INTO "django_admin_log" VALUES(221,'9','Django CKEditor mo Muhammad Khimji ',2,'[{"changed": {"fields": ["body"]}}]',11,1,'2018-01-17 07:31:12.158971');
INSERT INTO "django_admin_log" VALUES(222,'9','Django CKEditor mo Muhammad Khimji ',2,'[{"changed": {"fields": ["body"]}}]',11,1,'2018-01-17 07:33:58.650699');
INSERT INTO "django_admin_log" VALUES(223,'9','Django CKEditor mo Muhammad Khimji ',2,'[{"changed": {"fields": ["body"]}}]',11,1,'2018-01-17 07:34:47.158893');
INSERT INTO "django_admin_log" VALUES(224,'9','Django CKEditor mo Muhammad Khimji ',2,'[{"changed": {"fields": ["body"]}}]',11,1,'2018-01-17 07:35:46.611131');
INSERT INTO "django_admin_log" VALUES(225,'9','Django CKEditor mo Muhammad Khimji ',2,'[{"changed": {"fields": ["body"]}}]',11,1,'2018-01-17 07:38:09.544435');
INSERT INTO "django_admin_log" VALUES(226,'9','Django CKEditor mo Muhammad Khimji ',2,'[{"changed": {"fields": ["body"]}}]',11,1,'2018-01-17 07:38:59.288512');
INSERT INTO "django_admin_log" VALUES(227,'9','Django CKEditor mo Muhammad Khimji ',2,'[{"changed": {"fields": ["body"]}}]',11,1,'2018-01-17 07:39:48.195901');
INSERT INTO "django_admin_log" VALUES(228,'9','Django CKEditor mo Muhammad Khimji ',2,'[{"changed": {"fields": ["body"]}}]',11,1,'2018-01-17 07:41:08.434470');
INSERT INTO "django_admin_log" VALUES(229,'9','Django CKEditor mo Muhammad Khimji ',2,'[{"changed": {"fields": ["body"]}}]',11,1,'2018-01-17 07:41:31.071971');
INSERT INTO "django_admin_log" VALUES(230,'9','Django CKEditor mo Muhammad Khimji ',2,'[{"changed": {"fields": ["body"]}}]',11,1,'2018-01-17 07:42:04.290677');
INSERT INTO "django_admin_log" VALUES(231,'9','Django CKEditor mo Muhammad Khimji ',2,'[{"changed": {"fields": ["body"]}}]',11,1,'2018-01-17 07:42:29.625799');
INSERT INTO "django_admin_log" VALUES(232,'9','Django CKEditor mo Muhammad Khimji ',2,'[{"changed": {"fields": ["body"]}}]',11,1,'2018-01-17 07:48:23.625058');
INSERT INTO "django_admin_log" VALUES(233,'9','Django CKEditor mo Muhammad Khimji ',2,'[{"changed": {"fields": ["body"]}}]',11,1,'2018-01-17 07:49:04.542151');
INSERT INTO "django_admin_log" VALUES(234,'9','Django CKEditor mo Muhammad Khimji ',2,'[{"changed": {"fields": ["body"]}}]',11,1,'2018-01-17 07:49:48.324434');
INSERT INTO "django_admin_log" VALUES(235,'9','Django CKEditor mo Muhammad Khimji ',2,'[{"changed": {"fields": ["body"]}}]',11,1,'2018-01-17 07:50:39.294836');
INSERT INTO "django_admin_log" VALUES(236,'9','Django CKEditor mo Muhammad Khimji ',2,'[{"changed": {"fields": ["body"]}}]',11,1,'2018-01-17 07:50:55.046830');
INSERT INTO "django_admin_log" VALUES(237,'9','Django CKEditor mo Muhammad Khimji ',2,'[]',11,1,'2018-01-17 07:55:22.612094');
INSERT INTO "django_admin_log" VALUES(238,'9','Django CKEditor mo Muhammad Khimji ',2,'[{"changed": {"fields": ["body"]}}]',11,1,'2018-01-17 08:37:58.569623');
INSERT INTO "django_admin_log" VALUES(239,'9','Django CKEditor mo Muhammad Khimji ',2,'[{"changed": {"fields": ["body"]}}]',11,1,'2018-01-17 08:38:14.797191');
INSERT INTO "django_admin_log" VALUES(240,'9','Django CKEditor mo Muhammad Khimji ',2,'[]',11,1,'2018-01-19 01:51:30.059639');
INSERT INTO "django_admin_log" VALUES(241,'7','Django TinyMCE mo Muhammad Khimji ',2,'[]',11,1,'2018-01-19 02:03:14.264272');
INSERT INTO "django_admin_log" VALUES(242,'9','Django CKEditor mo Muhammad Khimji ',2,'[{"changed": {"fields": ["body"]}}]',11,1,'2018-01-19 02:14:47.272825');
INSERT INTO "django_admin_log" VALUES(243,'9','Django CKEditor mo Muhammad Khimji ',2,'[{"changed": {"fields": ["body"]}}]',11,1,'2018-01-19 02:18:24.187996');
INSERT INTO "django_admin_log" VALUES(244,'9','Django CKEditor mo Muhammad Khimji ',2,'[{"changed": {"fields": ["body"]}}]',11,1,'2018-01-19 02:25:16.963685');
INSERT INTO "django_admin_log" VALUES(245,'9','Django CKEditor mo Muhammad Khimji ',2,'[{"changed": {"fields": ["body"]}}]',11,1,'2018-01-19 02:39:35.615132');
INSERT INTO "django_admin_log" VALUES(246,'9','Django CKEditor mo Muhammad Khimji ',2,'[{"changed": {"fields": ["body"]}}]',11,1,'2018-01-19 02:48:41.408975');
INSERT INTO "django_admin_log" VALUES(247,'9','Django CKEditor mo Muhammad Khimji ',2,'[{"changed": {"fields": ["body"]}}]',11,1,'2018-01-19 05:57:35.295860');
INSERT INTO "django_admin_log" VALUES(248,'9','Django CKEditor mo Muhammad Khimji ',2,'[]',11,1,'2018-01-19 06:00:24.644349');
INSERT INTO "django_admin_log" VALUES(249,'7','Django TinyMCE mo Muhammad Khimji ',2,'[{"changed": {"fields": ["body"]}}]',11,1,'2018-01-19 06:01:35.680643');
INSERT INTO "django_admin_log" VALUES(250,'9','Django CKEditor mo Muhammad Khimji ',2,'[{"changed": {"fields": ["body"]}}]',11,1,'2018-01-19 06:02:29.387094');
INSERT INTO "django_admin_log" VALUES(251,'7','Django TinyMCE mo Muhammad Khimji ',2,'[{"changed": {"fields": ["body"]}}]',11,1,'2018-01-19 06:06:03.614645');
INSERT INTO "django_admin_log" VALUES(252,'9','Django CKEditor mo Muhammad Khimji ',2,'[{"changed": {"fields": ["body"]}}]',11,1,'2018-01-19 06:11:16.911537');
INSERT INTO "django_admin_log" VALUES(253,'9','Django CKEditor mo Muhammad Khimji ',2,'[{"changed": {"fields": ["body"]}}]',11,1,'2018-01-19 06:15:25.838668');
INSERT INTO "django_admin_log" VALUES(254,'9','Django CKEditor mo Muhammad Khimji ',2,'[{"changed": {"fields": ["body"]}}]',11,1,'2018-01-19 08:15:43.975765');
INSERT INTO "django_admin_log" VALUES(255,'9','Django CKEditor mo Muhammad Khimji ',2,'[{"changed": {"fields": ["body"]}}]',11,1,'2018-01-19 08:24:03.774940');
INSERT INTO "django_admin_log" VALUES(256,'9','Django CKEditor mo Muhammad Khimji ',2,'[{"changed": {"fields": ["body"]}}]',11,1,'2018-01-19 08:24:27.246748');
INSERT INTO "django_admin_log" VALUES(257,'9','Django CKEditor mo Muhammad Khimji ',2,'[{"changed": {"fields": ["body"]}}]',11,1,'2018-01-19 08:33:26.291132');
INSERT INTO "django_admin_log" VALUES(258,'9','Django CKEditor mo Muhammad Khimji ',2,'[{"changed": {"fields": ["body"]}}]',11,1,'2018-01-19 08:34:01.715473');
INSERT INTO "django_admin_log" VALUES(259,'9','Django CKEditor mo Muhammad Khimji ',2,'[{"changed": {"fields": ["body"]}}]',11,1,'2018-01-19 08:34:23.439606');
INSERT INTO "django_admin_log" VALUES(260,'9','Django CKEditor mo Muhammad Khimji ',2,'[{"changed": {"fields": ["body"]}}]',11,1,'2018-01-19 08:35:02.975027');
INSERT INTO "django_admin_log" VALUES(261,'7','Django TinyMCE mo Muhammad Khimji ',2,'[{"changed": {"fields": ["body"]}}]',11,1,'2018-01-19 08:40:40.888406');
INSERT INTO "django_admin_log" VALUES(262,'7','Django TinyMCE mo Muhammad Khimji ',2,'[{"changed": {"fields": ["body"]}}]',11,1,'2018-01-19 08:41:51.255917');
INSERT INTO "django_admin_log" VALUES(263,'7','Django TinyMCE mo Muhammad Khimji ',2,'[{"changed": {"fields": ["body"]}}]',11,1,'2018-01-19 08:43:58.771896');
INSERT INTO "django_admin_log" VALUES(264,'7','Django TinyMCE mo Muhammad Khimji ',2,'[]',11,1,'2018-01-19 08:44:28.066140');
INSERT INTO "django_admin_log" VALUES(265,'7','Django TinyMCE mo Muhammad Khimji ',2,'[{"changed": {"fields": ["body"]}}]',11,1,'2018-01-19 08:44:53.744057');
INSERT INTO "django_admin_log" VALUES(266,'7','Django TinyMCE mo Muhammad Khimji ',2,'[{"changed": {"fields": ["body"]}}]',11,1,'2018-01-19 08:45:56.600062');
INSERT INTO "django_admin_log" VALUES(267,'7','Django TinyMCE mo Muhammad Khimji ',2,'[{"changed": {"fields": ["body"]}}]',11,1,'2018-01-19 08:47:10.309876');
INSERT INTO "django_admin_log" VALUES(268,'9','Django CKEditor mo Muhammad Khimji ',2,'[{"changed": {"fields": ["body"]}}]',11,1,'2018-01-20 01:55:02.674447');
INSERT INTO "django_admin_log" VALUES(269,'9','Django CKEditor mo Muhammad Khimji ',2,'[{"changed": {"fields": ["body"]}}]',11,1,'2018-01-20 02:24:13.005882');
INSERT INTO "django_admin_log" VALUES(270,'9','Django CKEditor mo Muhammad Khimji ',2,'[{"changed": {"fields": ["body"]}}]',11,1,'2018-01-20 17:50:50.589899');
INSERT INTO "django_admin_log" VALUES(271,'9','Django CKEditor mo Muhammad Khimji ',2,'[{"changed": {"fields": ["body"]}}]',11,1,'2018-01-20 17:51:09.783373');
INSERT INTO "django_admin_log" VALUES(272,'9','Django CKEditor mo Muhammad Khimji ',2,'[{"changed": {"fields": ["body"]}}]',11,1,'2018-01-20 17:52:35.438649');
INSERT INTO "django_admin_log" VALUES(273,'9','Django CKEditor mo Muhammad Khimji ',2,'[{"changed": {"fields": ["body"]}}]',11,1,'2018-01-20 17:52:47.723861');
INSERT INTO "django_admin_log" VALUES(274,'9','Django CKEditor mo Muhammad Khimji ',2,'[{"changed": {"fields": ["body"]}}]',11,1,'2018-01-20 17:55:15.012847');
INSERT INTO "django_admin_log" VALUES(275,'9','Django CKEditor mo Muhammad Khimji ',2,'[{"changed": {"fields": ["body"]}}]',11,1,'2018-01-20 18:00:04.357761');
INSERT INTO "django_admin_log" VALUES(276,'9','Django CKEditor mo Muhammad Khimji ',2,'[{"changed": {"fields": ["body"]}}]',11,1,'2018-01-20 18:00:32.456795');
INSERT INTO "django_admin_log" VALUES(277,'9','Django CKEditor mo Muhammad Khimji ',2,'[]',11,1,'2018-01-20 18:07:35.770195');
INSERT INTO "django_admin_log" VALUES(278,'9','Django CKEditor mo Muhammad Khimji ',2,'[{"changed": {"fields": ["body"]}}]',11,1,'2018-01-20 18:11:15.013430');
INSERT INTO "django_admin_log" VALUES(279,'9','Django CKEditor mo Muhammad Khimji ',2,'[{"changed": {"fields": ["body"]}}]',11,1,'2018-01-20 18:11:29.526900');
INSERT INTO "django_admin_log" VALUES(280,'9','Django CKEditor mo Muhammad Khimji ',2,'[{"changed": {"fields": ["body"]}}]',11,1,'2018-01-20 18:12:33.151794');
INSERT INTO "django_admin_log" VALUES(281,'9','Django CKEditor mo Muhammad Khimji ',2,'[{"changed": {"fields": ["body"]}}]',11,1,'2018-01-20 18:13:25.297851');
INSERT INTO "django_admin_log" VALUES(282,'9','Django CKEditor mo Muhammad Khimji ',2,'[{"changed": {"fields": ["body"]}}]',11,1,'2018-01-20 18:15:15.343856');
INSERT INTO "django_admin_log" VALUES(283,'9','Django CKEditor mo Muhammad Khimji ',2,'[{"changed": {"fields": ["body"]}}]',11,1,'2018-01-20 18:15:46.642257');
INSERT INTO "django_admin_log" VALUES(284,'9','Django CKEditor mo Muhammad Khimji ',2,'[{"changed": {"fields": ["body"]}}]',11,1,'2018-01-20 18:16:05.530635');
INSERT INTO "django_admin_log" VALUES(285,'9','Django CKEditor mo Muhammad Khimji ',2,'[{"changed": {"fields": ["body"]}}]',11,1,'2018-01-20 18:16:29.985368');
INSERT INTO "django_admin_log" VALUES(286,'9','Django CKEditor mo Muhammad Khimji ',2,'[{"changed": {"fields": ["body"]}}]',11,1,'2018-01-20 18:18:27.225020');
INSERT INTO "django_admin_log" VALUES(287,'9','Django CKEditor mo Muhammad Khimji ',2,'[{"changed": {"fields": ["body"]}}]',11,1,'2018-01-20 18:35:47.216378');
INSERT INTO "django_admin_log" VALUES(288,'9','Django CKEditor mo Muhammad Khimji ',2,'[{"changed": {"fields": ["body"]}}]',11,1,'2018-01-20 18:38:09.064876');
INSERT INTO "django_admin_log" VALUES(289,'9','Django CKEditor mo Muhammad Khimji ',2,'[{"changed": {"fields": ["body"]}}]',11,1,'2018-01-20 18:44:35.891569');
INSERT INTO "django_admin_log" VALUES(290,'9','Django CKEditor mo Muhammad Khimji ',2,'[{"changed": {"fields": ["body"]}}]',11,1,'2018-01-20 18:45:51.503351');
INSERT INTO "django_admin_log" VALUES(291,'9','Django CKEditor mo Muhammad Khimji ',2,'[{"changed": {"fields": ["body"]}}]',11,1,'2018-01-20 18:47:40.543946');
INSERT INTO "django_admin_log" VALUES(292,'9','Django CKEditor mo Muhammad Khimji ',2,'[{"changed": {"fields": ["body"]}}]',11,1,'2018-01-20 18:49:39.519247');
INSERT INTO "django_admin_log" VALUES(293,'9','Django CKEditor mo Muhammad Khimji ',2,'[{"changed": {"fields": ["body"]}}]',11,1,'2018-01-20 18:49:58.769172');
INSERT INTO "django_admin_log" VALUES(294,'9','Django CKEditor mo Muhammad Khimji ',2,'[{"changed": {"fields": ["body"]}}]',11,1,'2018-01-20 18:52:06.629418');
INSERT INTO "django_admin_log" VALUES(295,'9','Django CKEditor mo Muhammad Khimji ',2,'[{"changed": {"fields": ["body"]}}]',11,1,'2018-01-20 18:53:52.923661');
INSERT INTO "django_admin_log" VALUES(296,'9','Django CKEditor mo Muhammad Khimji ',2,'[{"changed": {"fields": ["body"]}}]',11,1,'2018-01-20 20:01:40.652851');
INSERT INTO "django_admin_log" VALUES(297,'9','Django CKEditor mo Muhammad Khimji ',2,'[]',11,1,'2018-01-20 20:03:23.176526');
INSERT INTO "django_admin_log" VALUES(298,'9','Django CKEditor mo Muhammad Khimji ',2,'[]',11,1,'2018-01-20 20:11:18.392984');
INSERT INTO "django_admin_log" VALUES(299,'9','Django CKEditor mo Muhammad Khimji ',2,'[]',11,1,'2018-01-20 20:25:56.425392');
INSERT INTO "django_admin_log" VALUES(300,'6','Virtualenv dave uti dave` ',2,'[{"changed": {"fields": ["body"]}}]',11,1,'2018-01-20 20:35:35.488134');
INSERT INTO "django_admin_log" VALUES(301,'6','Virtualenv dave uti dave` ',2,'[{"changed": {"fields": ["body"]}}]',11,1,'2018-01-20 20:47:29.151215');
INSERT INTO "django_admin_log" VALUES(302,'6','Virtualenv dave uti dave` ',2,'[{"changed": {"fields": ["body"]}}]',11,1,'2018-01-20 20:47:46.091254');
INSERT INTO "django_admin_log" VALUES(303,'10','eswafgsg dave uti dave` ',1,'[{"added": {}}]',11,1,'2018-01-21 00:08:39.014517');
INSERT INTO "django_admin_log" VALUES(304,'10','eswafgsg dave uti dave` ',3,'',11,1,'2018-01-21 00:09:10.761223');
INSERT INTO "django_admin_log" VALUES(305,'9','Django CKEditor mo Muhammad Khimji ',2,'[]',11,1,'2018-01-21 00:10:55.461950');
INSERT INTO "django_admin_log" VALUES(306,'11','oihiygyiygiuo asdaf sdefwef4 fqwdfsf ',1,'[{"added": {}}]',11,1,'2018-01-21 00:21:32.311242');
INSERT INTO "django_admin_log" VALUES(307,'11','oihiygyiygiuo asdaf sdefwef4 fqwdfsf ',2,'[{"changed": {"fields": ["body"]}}]',11,1,'2018-01-21 01:11:56.852427');
INSERT INTO "django_admin_log" VALUES(308,'9','Django CKEditor mo Muhammad Khimji ',2,'[]',11,1,'2018-01-21 01:32:52.003518');
INSERT INTO "django_admin_log" VALUES(309,'9','Django CKEditor mo Muhammad Khimji ',2,'[{"changed": {"fields": ["body"]}}]',11,1,'2018-01-21 01:33:15.885294');
INSERT INTO "django_admin_log" VALUES(310,'9','Django CKEditor mo Muhammad Khimji ',2,'[{"changed": {"fields": ["body"]}}]',11,1,'2018-01-21 01:33:28.729142');
INSERT INTO "django_admin_log" VALUES(311,'9','Django CKEditor mo Muhammad Khimji ',2,'[{"changed": {"fields": ["body"]}}]',11,1,'2018-01-21 01:36:44.081385');
INSERT INTO "django_admin_log" VALUES(312,'9','Django CKEditor mo Muhammad Khimji ',2,'[{"changed": {"fields": ["body"]}}]',11,1,'2018-01-21 01:37:45.565188');
INSERT INTO "django_admin_log" VALUES(313,'9','Django CKEditor mo Muhammad Khimji ',2,'[{"changed": {"fields": ["body"]}}]',11,1,'2018-01-21 01:38:14.034668');
INSERT INTO "django_admin_log" VALUES(314,'9','Django CKEditor mo Muhammad Khimji ',2,'[{"changed": {"fields": ["body"]}}]',11,1,'2018-01-21 01:50:53.810424');
INSERT INTO "django_admin_log" VALUES(315,'11','oihiygyiygiuo asdaf sdefwef4 fqwdfsf ',3,'',11,1,'2018-01-21 01:59:01.765027');
INSERT INTO "django_admin_log" VALUES(316,'9','Django CKEditor mo Muhammad Khimji ',2,'[{"changed": {"fields": ["body"]}}]',11,1,'2018-01-21 01:59:16.712537');
INSERT INTO "django_admin_log" VALUES(317,'9','Django CKEditor mo Muhammad Khimji ',2,'[]',11,1,'2018-01-21 02:00:46.554444');
INSERT INTO "django_admin_log" VALUES(318,'9','Django CKEditor mo Muhammad Khimji ',2,'[{"changed": {"fields": ["body"]}}]',11,1,'2018-01-21 04:49:14.195638');
INSERT INTO "django_admin_log" VALUES(319,'9','Django CKEditor mo Muhammad Khimji ',2,'[]',11,1,'2018-01-21 06:14:12.869211');
INSERT INTO "django_admin_log" VALUES(320,'9','Django CKEditor mo Muhammad Khimji ',2,'[{"changed": {"fields": ["body"]}}]',11,1,'2018-01-21 07:57:22.829530');
INSERT INTO "django_admin_log" VALUES(321,'9','Django CKEditor mo Muhammad Khimji ',2,'[{"changed": {"fields": ["body"]}}]',11,1,'2018-01-21 16:37:05.916245');
INSERT INTO "django_admin_log" VALUES(322,'9','Django CKEditor mo Muhammad Khimji ',2,'[{"changed": {"fields": ["body"]}}]',11,1,'2018-01-21 16:37:53.797105');
INSERT INTO "django_admin_log" VALUES(323,'7','Django TinyMCE mo Muhammad Khimji ',2,'[{"changed": {"fields": ["body"]}}]',11,1,'2018-01-21 16:57:20.914203');
INSERT INTO "django_admin_log" VALUES(324,'7','Django TinyMCE mo Muhammad Khimji ',2,'[]',11,1,'2018-01-21 17:00:23.050181');
INSERT INTO "django_admin_log" VALUES(325,'12','django-tinymce mo Muhammad Khimji ',1,'[{"added": {}}]',11,1,'2018-01-21 17:01:03.828592');
INSERT INTO "django_admin_log" VALUES(326,'7','Django TinyMCE mo Muhammad Khimji ',2,'[{"changed": {"fields": ["body"]}}]',11,1,'2018-01-21 17:02:14.574957');
INSERT INTO "django_admin_log" VALUES(327,'7','Django TinyMCE mo Muhammad Khimji ',2,'[]',11,1,'2018-01-21 17:02:42.624578');
INSERT INTO "django_admin_log" VALUES(328,'12','django-tinymce mo Muhammad Khimji ',2,'[{"changed": {"fields": ["body"]}}]',11,1,'2018-01-21 17:04:58.220107');
INSERT INTO "django_admin_log" VALUES(329,'9','Django CKEditor mo Muhammad Khimji ',2,'[{"changed": {"fields": ["body"]}}]',11,1,'2018-01-21 18:17:21.598233');
INSERT INTO "django_admin_log" VALUES(330,'9','Django CKEditor mo Muhammad Khimji ',2,'[{"changed": {"fields": ["body"]}}]',11,1,'2018-01-21 18:19:52.020310');
INSERT INTO "django_admin_log" VALUES(331,'9','Django CKEditor mo Muhammad Khimji ',2,'[{"changed": {"fields": ["body"]}}]',11,1,'2018-01-21 20:21:18.851315');
INSERT INTO "django_admin_log" VALUES(332,'12','django-tinymce mo Muhammad Khimji ',2,'[{"changed": {"fields": ["body"]}}]',11,1,'2018-01-21 20:21:40.817055');
INSERT INTO "django_admin_log" VALUES(333,'12','django-tinymce mo Muhammad Khimji ',2,'[{"changed": {"fields": ["body"]}}]',11,1,'2018-01-22 08:45:10.474955');
INSERT INTO "django_admin_log" VALUES(334,'6','Virtualenv dave uti dave` ',2,'[]',11,1,'2018-01-22 08:51:08.306202');
INSERT INTO "django_admin_log" VALUES(335,'6','Virtualenv dave uti dave` ',2,'[]',11,1,'2018-01-22 08:51:23.634224');
INSERT INTO "django_admin_log" VALUES(336,'6','Virtualenv dave uti dave` ',2,'[{"changed": {"fields": ["body"]}}]',11,1,'2018-01-22 08:53:40.576513');
INSERT INTO "django_admin_log" VALUES(337,'4','Honda NSX Mikey Mikey Palmice ',2,'[{"changed": {"fields": ["body"]}}]',11,1,'2018-01-22 08:54:24.413977');
INSERT INTO "django_admin_log" VALUES(338,'7','Django TinyMCE mo Muhammad Khimji ',2,'[{"changed": {"fields": ["body"]}}]',11,1,'2018-01-22 08:55:35.516140');
INSERT INTO "django_admin_log" VALUES(339,'3','Tekken swag swag yolo ',2,'[{"changed": {"fields": ["body"]}}]',11,1,'2018-01-22 09:00:48.443631');
INSERT INTO "django_admin_log" VALUES(340,'3','Tekken swag swag yolo ',2,'[{"changed": {"fields": ["body"]}}]',11,1,'2018-01-22 09:07:03.440591');
INSERT INTO "django_admin_log" VALUES(341,'6','Virtualenv dave uti dave` ',2,'[{"changed": {"fields": ["body"]}}]',11,1,'2018-01-23 03:12:47.659711');
INSERT INTO "django_admin_log" VALUES(342,'9','Django CKEditor mo Muhammad Khimji ',2,'[{"changed": {"fields": ["body"]}}]',11,1,'2018-01-24 02:04:28.343882');
INSERT INTO "django_admin_log" VALUES(343,'9','Django CKEditor mo Muhammad Khimji ',2,'[{"changed": {"fields": ["body"]}}]',11,1,'2018-01-24 02:08:08.452114');
INSERT INTO "django_admin_log" VALUES(344,'7','Django TinyMCE mo Muhammad Khimji ',2,'[]',11,1,'2018-01-24 02:24:17.356785');
INSERT INTO "django_admin_log" VALUES(345,'7','Django TinyMCE mo Muhammad Khimji ',2,'[{"changed": {"fields": ["body"]}}]',11,1,'2018-01-24 02:46:16.593152');
INSERT INTO "django_admin_log" VALUES(346,'6','Virtualenv dave uti dave` ',2,'[{"changed": {"fields": ["body"]}}]',11,1,'2018-01-24 02:46:59.194975');
INSERT INTO "django_admin_log" VALUES(347,'12','django-tinymce mo Muhammad Khimji ',2,'[{"changed": {"fields": ["body"]}}]',11,1,'2018-01-25 05:35:14.248361');
INSERT INTO "django_admin_log" VALUES(348,'12','django-tinymce mo Muhammad Khimji ',2,'[{"changed": {"fields": ["body"]}}]',11,1,'2018-01-25 05:36:16.351834');
INSERT INTO "django_admin_log" VALUES(349,'12','django-tinymce mo Muhammad Khimji ',2,'[{"changed": {"fields": ["body"]}}]',11,1,'2018-01-25 05:37:09.000675');
INSERT INTO "django_admin_log" VALUES(350,'12','django-tinymce mo Muhammad Khimji ',2,'[{"changed": {"fields": ["body"]}}]',11,1,'2018-01-25 05:37:33.465195');
INSERT INTO "django_admin_log" VALUES(351,'12','django-tinymce mo Muhammad Khimji ',2,'[{"changed": {"fields": ["body"]}}]',11,1,'2018-01-25 05:51:57.116051');
INSERT INTO "django_admin_log" VALUES(352,'12','django-tinymce mo Muhammad Khimji ',2,'[{"changed": {"fields": ["body"]}}]',11,1,'2018-01-25 06:26:40.126820');
INSERT INTO "django_admin_log" VALUES(353,'12','django-tinymce mo Muhammad Khimji ',2,'[]',11,1,'2018-01-25 06:27:00.306024');
INSERT INTO "django_admin_log" VALUES(354,'12','django-tinymce mo Muhammad Khimji ',2,'[]',11,1,'2018-01-25 06:30:48.206577');
INSERT INTO "django_admin_log" VALUES(355,'12','django-tinymce mo Muhammad Khimji ',2,'[{"changed": {"fields": ["body"]}}]',11,1,'2018-01-25 08:15:25.768932');
INSERT INTO "django_admin_log" VALUES(356,'12','django-tinymce mo Muhammad Khimji ',2,'[{"changed": {"fields": ["body"]}}]',11,1,'2018-01-25 08:31:25.787354');
INSERT INTO "django_admin_log" VALUES(357,'12','django-tinymce mo Muhammad Khimji ',2,'[]',11,1,'2018-01-25 08:32:59.372635');
INSERT INTO "django_admin_log" VALUES(358,'12','django-tinymce mo Muhammad Khimji ',2,'[{"changed": {"fields": ["body"]}}]',11,1,'2018-01-25 08:33:36.658856');
INSERT INTO "django_admin_log" VALUES(359,'12','django-tinymce mo Muhammad Khimji ',2,'[{"changed": {"fields": ["body"]}}]',11,1,'2018-01-25 08:33:51.841228');
INSERT INTO "django_admin_log" VALUES(360,'3','Tekken swag swag yolo ',2,'[{"changed": {"fields": ["body"]}}]',11,1,'2018-01-25 08:36:57.950123');
INSERT INTO "django_admin_log" VALUES(361,'3','Tekken swag swag yolo ',2,'[{"changed": {"fields": ["body"]}}]',11,1,'2018-01-25 08:37:18.438046');
INSERT INTO "django_admin_log" VALUES(362,'12','django-tinymce mo Muhammad Khimji ',2,'[{"changed": {"fields": ["body"]}}]',11,1,'2018-01-25 09:03:26.280802');
INSERT INTO "django_admin_log" VALUES(363,'9','Django CKEditor mo Muhammad Khimji ',2,'[{"changed": {"fields": ["body"]}}]',11,1,'2018-01-25 09:04:20.095929');
INSERT INTO "django_admin_log" VALUES(364,'9','Django CKEditor mo Muhammad Khimji ',2,'[{"changed": {"fields": ["body"]}}]',11,1,'2018-01-25 09:22:34.936068');
INSERT INTO "django_admin_log" VALUES(365,'9','Django CKEditor mo Muhammad Khimji ',2,'[{"changed": {"fields": ["body"]}}]',11,1,'2018-01-25 09:22:58.168369');
INSERT INTO "django_admin_log" VALUES(366,'9','Django CKEditor mo Muhammad Khimji ',2,'[{"changed": {"fields": ["body"]}}]',11,1,'2018-01-25 09:23:31.917885');
INSERT INTO "django_admin_log" VALUES(367,'9','Django CKEditor mo Muhammad Khimji ',2,'[{"changed": {"fields": ["body"]}}]',11,1,'2018-01-25 09:24:07.044503');
INSERT INTO "django_admin_log" VALUES(368,'2','Unreal Tournament 2004 mo Muhammad Khimji ',2,'[{"changed": {"fields": ["body"]}}]',11,1,'2018-01-26 03:01:52.908756');
INSERT INTO "django_admin_log" VALUES(369,'2','Unreal Tournament 2004 mo Muhammad Khimji ',2,'[{"changed": {"fields": ["body"]}}]',11,1,'2018-01-26 03:02:38.784194');
INSERT INTO "django_admin_log" VALUES(370,'2','Unreal Tournament 2004 mo Muhammad Khimji ',2,'[{"changed": {"fields": ["body"]}}]',11,1,'2018-01-26 03:03:16.548602');
INSERT INTO "django_admin_log" VALUES(371,'12','django-tinymce mo Muhammad Khimji ',2,'[{"changed": {"fields": ["body"]}}]',11,1,'2018-01-26 04:24:15.604417');
INSERT INTO "django_admin_log" VALUES(372,'12','django-tinymce mo Muhammad Khimji ',2,'[{"changed": {"fields": ["body"]}}]',11,1,'2018-01-26 04:26:40.465973');
INSERT INTO "django_admin_log" VALUES(373,'12','django-tinymce mo Muhammad Khimji ',2,'[{"changed": {"fields": ["body"]}}]',11,1,'2018-01-26 04:27:00.563603');
INSERT INTO "django_admin_log" VALUES(374,'4','Honda NSX Mikey Mikey Palmice ',2,'[{"changed": {"fields": ["body"]}}]',11,1,'2018-01-26 04:56:40.195997');
INSERT INTO "django_admin_log" VALUES(375,'4','Honda NSX Mikey Mikey Palmice ',2,'[{"changed": {"fields": ["body"]}}]',11,1,'2018-01-26 04:57:02.757378');
INSERT INTO "django_admin_log" VALUES(376,'4','Honda NSX Mikey Mikey Palmice ',2,'[{"changed": {"fields": ["body"]}}]',11,1,'2018-01-26 04:57:22.023298');
INSERT INTO "django_admin_log" VALUES(377,'12','django-tinymce mo Muhammad Khimji ',2,'[{"changed": {"fields": ["body"]}}]',11,1,'2018-01-26 05:07:46.740548');
INSERT INTO "django_admin_log" VALUES(378,'12','django-tinymce mo Muhammad Khimji ',2,'[]',11,1,'2018-01-26 05:13:32.636411');
INSERT INTO "django_admin_log" VALUES(379,'12','django-tinymce mo Muhammad Khimji ',2,'[{"changed": {"fields": ["body"]}}]',11,1,'2018-01-26 05:20:26.719353');
INSERT INTO "django_admin_log" VALUES(380,'12','django-tinymce mo Muhammad Khimji ',2,'[{"changed": {"fields": ["body"]}}]',11,1,'2018-01-26 05:41:54.054311');
INSERT INTO "django_admin_log" VALUES(381,'12','django-tinymce mo Muhammad Khimji ',2,'[{"changed": {"fields": ["body"]}}]',11,1,'2018-01-26 05:50:50.324242');
INSERT INTO "django_admin_log" VALUES(382,'12','django-tinymce mo Muhammad Khimji ',2,'[{"changed": {"fields": ["body"]}}]',11,1,'2018-01-26 05:52:23.820477');
INSERT INTO "django_admin_log" VALUES(383,'9','Django CKEditor mo Muhammad Khimji ',2,'[{"changed": {"fields": ["body"]}}]',11,1,'2018-01-26 05:54:22.138488');
INSERT INTO "django_admin_log" VALUES(384,'9','Django CKEditor mo Muhammad Khimji ',2,'[{"changed": {"fields": ["body"]}}]',11,1,'2018-01-26 05:55:54.883861');
INSERT INTO "django_admin_log" VALUES(385,'12','django-tinymce mo Muhammad Khimji ',2,'[{"changed": {"fields": ["body"]}}]',11,1,'2018-01-26 06:15:39.142396');
INSERT INTO "django_admin_log" VALUES(386,'12','django-tinymce mo Muhammad Khimji ',2,'[{"changed": {"fields": ["body"]}}]',11,1,'2018-01-26 06:19:17.840189');
INSERT INTO "django_admin_log" VALUES(387,'12','django-tinymce mo Muhammad Khimji ',2,'[{"changed": {"fields": ["body"]}}]',11,1,'2018-01-26 06:19:38.587119');
INSERT INTO "django_admin_log" VALUES(388,'12','django-tinymce mo Muhammad Khimji ',2,'[{"changed": {"fields": ["body"]}}]',11,1,'2018-01-26 06:21:16.567527');
INSERT INTO "django_admin_log" VALUES(389,'12','django-tinymce mo Muhammad Khimji ',2,'[]',11,1,'2018-01-26 06:22:48.482301');
INSERT INTO "django_admin_log" VALUES(390,'12','django-tinymce mo Muhammad Khimji ',2,'[{"changed": {"fields": ["body"]}}]',11,1,'2018-01-26 06:23:44.031801');
INSERT INTO "django_admin_log" VALUES(391,'12','django-tinymce mo Muhammad Khimji ',2,'[{"changed": {"fields": ["body"]}}]',11,1,'2018-01-26 06:23:57.558400');
INSERT INTO "django_admin_log" VALUES(392,'12','django-tinymce mo Muhammad Khimji ',2,'[{"changed": {"fields": ["body"]}}]',11,1,'2018-01-26 06:28:41.684692');
INSERT INTO "django_admin_log" VALUES(393,'12','django-tinymce mo Muhammad Khimji ',2,'[{"changed": {"fields": ["body"]}}]',11,1,'2018-01-26 06:30:29.161725');
INSERT INTO "django_admin_log" VALUES(394,'12','django-tinymce mo Muhammad Khimji ',2,'[{"changed": {"fields": ["body"]}}]',11,1,'2018-01-26 16:25:06.077999');
INSERT INTO "django_admin_log" VALUES(395,'1','Halo PC Mikey Mikey Palmice ',2,'[{"changed": {"fields": ["body"]}}]',11,1,'2018-01-27 06:44:12.457470');
INSERT INTO "django_admin_log" VALUES(396,'12','django-tinymce mo Muhammad Khimji ',2,'[{"changed": {"fields": ["body"]}}]',11,1,'2018-01-27 16:06:39.198574');
INSERT INTO "django_admin_log" VALUES(397,'12','django-tinymce mo Muhammad Khimji ',2,'[{"changed": {"fields": ["body"]}}]',11,1,'2018-01-27 16:10:05.776606');
INSERT INTO "django_admin_log" VALUES(398,'12','django-tinymce mo Muhammad Khimji ',2,'[{"changed": {"fields": ["body"]}}]',11,1,'2018-01-27 16:12:02.363788');
INSERT INTO "django_admin_log" VALUES(399,'12','django-tinymce mo Muhammad Khimji ',2,'[{"changed": {"fields": ["body"]}}]',11,1,'2018-01-27 16:19:12.744849');
INSERT INTO "django_admin_log" VALUES(400,'12','django-tinymce mo Muhammad Khimji ',2,'[{"changed": {"fields": ["body"]}}]',11,1,'2018-01-27 16:20:13.580289');
INSERT INTO "django_admin_log" VALUES(401,'12','django-tinymce mo Muhammad Khimji ',2,'[{"changed": {"fields": ["body"]}}]',11,1,'2018-01-27 16:21:52.716210');
INSERT INTO "django_admin_log" VALUES(402,'12','django-tinymce mo Muhammad Khimji ',2,'[{"changed": {"fields": ["body"]}}]',11,1,'2018-01-27 16:22:45.128443');
INSERT INTO "django_admin_log" VALUES(403,'12','django-tinymce mo Muhammad Khimji ',2,'[{"changed": {"fields": ["body"]}}]',11,1,'2018-01-27 16:23:45.625143');
INSERT INTO "django_admin_log" VALUES(404,'12','django-tinymce mo Muhammad Khimji ',2,'[{"changed": {"fields": ["body"]}}]',11,1,'2018-01-27 16:31:56.065533');
INSERT INTO "django_admin_log" VALUES(405,'12','django-tinymce mo Muhammad Khimji ',2,'[{"changed": {"fields": ["body"]}}]',11,1,'2018-01-27 16:33:41.627376');
INSERT INTO "django_admin_log" VALUES(406,'12','django-tinymce mo Muhammad Khimji ',2,'[{"changed": {"fields": ["body"]}}]',11,1,'2018-01-27 16:34:02.649369');
INSERT INTO "django_admin_log" VALUES(407,'12','django-tinymce mo Muhammad Khimji ',2,'[{"changed": {"fields": ["body"]}}]',11,1,'2018-01-27 16:34:39.089146');
INSERT INTO "django_admin_log" VALUES(408,'12','django-tinymce mo Muhammad Khimji ',2,'[{"changed": {"fields": ["body"]}}]',11,1,'2018-01-27 16:43:49.321183');
INSERT INTO "django_admin_log" VALUES(409,'12','django-tinymce mo Muhammad Khimji ',2,'[{"changed": {"fields": ["body"]}}]',11,1,'2018-01-27 16:46:51.989365');
INSERT INTO "django_admin_log" VALUES(410,'12','django-tinymce mo Muhammad Khimji ',2,'[{"changed": {"fields": ["body"]}}]',11,1,'2018-01-27 16:47:15.844853');
INSERT INTO "django_admin_log" VALUES(411,'12','django-tinymce mo Muhammad Khimji ',2,'[{"changed": {"fields": ["body"]}}]',11,1,'2018-01-27 16:47:49.507282');
INSERT INTO "django_admin_log" VALUES(412,'12','django-tinymce mo Muhammad Khimji ',2,'[{"changed": {"fields": ["body"]}}]',11,1,'2018-01-27 16:47:59.232401');
INSERT INTO "django_admin_log" VALUES(413,'12','django-tinymce mo Muhammad Khimji ',2,'[{"changed": {"fields": ["body"]}}]',11,1,'2018-01-27 16:48:21.220120');
INSERT INTO "django_admin_log" VALUES(414,'12','django-tinymce mo Muhammad Khimji ',2,'[{"changed": {"fields": ["body"]}}]',11,1,'2018-01-27 16:48:43.852917');
INSERT INTO "django_admin_log" VALUES(415,'12','django-tinymce mo Muhammad Khimji ',2,'[{"changed": {"fields": ["body"]}}]',11,1,'2018-01-27 16:52:04.020838');
INSERT INTO "django_admin_log" VALUES(416,'12','django-tinymce mo Muhammad Khimji ',2,'[{"changed": {"fields": ["body"]}}]',11,1,'2018-01-27 18:27:44.053936');
INSERT INTO "django_admin_log" VALUES(417,'12','django-tinymce mo Muhammad Khimji ',2,'[{"changed": {"fields": ["body"]}}]',11,1,'2018-01-27 18:53:15.704263');
INSERT INTO "django_admin_log" VALUES(418,'12','django-tinymce mo Muhammad Khimji ',2,'[{"changed": {"fields": ["body"]}}]',11,1,'2018-01-27 18:53:29.520819');
INSERT INTO "django_admin_log" VALUES(419,'12','django-tinymce mo Muhammad Khimji ',2,'[{"changed": {"fields": ["body"]}}]',11,1,'2018-01-27 18:54:31.226850');
INSERT INTO "django_admin_log" VALUES(420,'12','django-tinymce mo Muhammad Khimji ',2,'[{"changed": {"fields": ["body"]}}]',11,1,'2018-01-27 18:55:07.557108');
INSERT INTO "django_admin_log" VALUES(421,'12','django-tinymce mo Muhammad Khimji ',2,'[{"changed": {"fields": ["body"]}}]',11,1,'2018-01-27 18:55:30.703003');
INSERT INTO "django_admin_log" VALUES(422,'12','django-tinymce mo Muhammad Khimji ',2,'[{"changed": {"fields": ["body"]}}]',11,1,'2018-01-27 18:58:53.607497');
INSERT INTO "django_admin_log" VALUES(423,'12','django-tinymce mo Muhammad Khimji ',2,'[{"changed": {"fields": ["body"]}}]',11,1,'2018-01-27 19:06:13.707666');
INSERT INTO "django_admin_log" VALUES(424,'12','django-tinymce mo Muhammad Khimji ',2,'[{"changed": {"fields": ["body"]}}]',11,1,'2018-01-27 19:07:51.266528');
INSERT INTO "django_admin_log" VALUES(425,'12','django-tinymce mo Muhammad Khimji ',2,'[{"changed": {"fields": ["body"]}}]',11,1,'2018-01-27 19:25:32.531401');
INSERT INTO "django_admin_log" VALUES(426,'12','django-tinymce mo Muhammad Khimji ',2,'[{"changed": {"fields": ["body"]}}]',11,1,'2018-01-27 19:27:27.376434');
INSERT INTO "django_admin_log" VALUES(427,'12','django-tinymce mo Muhammad Khimji ',2,'[{"changed": {"fields": ["body"]}}]',11,1,'2018-01-27 19:28:56.517883');
INSERT INTO "django_admin_log" VALUES(428,'12','django-tinymce mo Muhammad Khimji ',2,'[{"changed": {"fields": ["body"]}}]',11,1,'2018-01-27 20:33:58.351949');
INSERT INTO "django_admin_log" VALUES(429,'12','django-tinymce mo Muhammad Khimji ',2,'[{"changed": {"fields": ["body"]}}]',11,1,'2018-01-27 20:42:24.602631');
INSERT INTO "django_admin_log" VALUES(430,'12','django-tinymce mo Muhammad Khimji ',2,'[{"changed": {"fields": ["body"]}}]',11,1,'2018-01-27 20:51:00.368578');
INSERT INTO "django_admin_log" VALUES(431,'12','django-tinymce mo Muhammad Khimji ',2,'[{"changed": {"fields": ["body"]}}]',11,1,'2018-01-27 20:57:33.668228');
INSERT INTO "django_admin_log" VALUES(432,'12','django-tinymce mo Muhammad Khimji ',2,'[{"changed": {"fields": ["body"]}}]',11,1,'2018-01-27 21:01:55.121198');
INSERT INTO "django_admin_log" VALUES(433,'12','django-tinymce mo Muhammad Khimji ',2,'[{"changed": {"fields": ["body"]}}]',11,1,'2018-01-27 21:55:38.653469');
INSERT INTO "django_admin_log" VALUES(434,'12','django-tinymce mo Muhammad Khimji ',2,'[{"changed": {"fields": ["body"]}}]',11,1,'2018-01-27 21:56:18.391029');
INSERT INTO "django_admin_log" VALUES(435,'12','django-tinymce mo Muhammad Khimji ',2,'[{"changed": {"fields": ["body"]}}]',11,1,'2018-01-27 21:58:35.983668');
INSERT INTO "django_admin_log" VALUES(436,'12','django-tinymce mo Muhammad Khimji ',2,'[{"changed": {"fields": ["body"]}}]',11,1,'2018-01-27 22:02:18.825198');
INSERT INTO "django_admin_log" VALUES(437,'12','django-tinymce mo Muhammad Khimji ',2,'[{"changed": {"fields": ["body"]}}]',11,1,'2018-01-27 22:05:53.779808');
INSERT INTO "django_admin_log" VALUES(438,'12','django-tinymce mo Muhammad Khimji ',2,'[{"changed": {"fields": ["body"]}}]',11,1,'2018-01-27 22:07:20.300575');
INSERT INTO "django_admin_log" VALUES(439,'12','django-tinymce mo Muhammad Khimji ',2,'[{"changed": {"fields": ["body"]}}]',11,1,'2018-01-28 00:56:47.557781');
INSERT INTO "django_admin_log" VALUES(440,'12','django-tinymce mo Muhammad Khimji ',2,'[{"changed": {"fields": ["body"]}}]',11,1,'2018-01-28 00:59:45.130173');
INSERT INTO "django_admin_log" VALUES(441,'12','django-tinymce mo Muhammad Khimji ',2,'[{"changed": {"fields": ["body"]}}]',11,1,'2018-01-28 01:02:13.581704');
INSERT INTO "django_admin_log" VALUES(442,'12','django-tinymce mo Muhammad Khimji ',2,'[{"changed": {"fields": ["body"]}}]',11,1,'2018-01-28 01:25:40.606463');
INSERT INTO "django_admin_log" VALUES(443,'12','django-tinymce mo Muhammad Khimji ',2,'[{"changed": {"fields": ["body"]}}]',11,1,'2018-01-28 01:27:36.898889');
INSERT INTO "django_admin_log" VALUES(444,'12','django-tinymce mo Muhammad Khimji ',2,'[{"changed": {"fields": ["body"]}}]',11,1,'2018-01-28 01:29:04.500873');
INSERT INTO "django_admin_log" VALUES(445,'12','django-tinymce mo Muhammad Khimji ',2,'[{"changed": {"fields": ["body"]}}]',11,1,'2018-01-28 01:29:53.519108');
INSERT INTO "django_admin_log" VALUES(446,'12','django-tinymce mo Muhammad Khimji ',2,'[{"changed": {"fields": ["body"]}}]',11,1,'2018-01-28 01:32:17.556109');
INSERT INTO "django_admin_log" VALUES(447,'12','django-tinymce mo Muhammad Khimji ',2,'[{"changed": {"fields": ["body"]}}]',11,1,'2018-01-28 01:46:36.132699');
INSERT INTO "django_admin_log" VALUES(448,'12','django-tinymce mo Muhammad Khimji ',2,'[{"changed": {"fields": ["body"]}}]',11,1,'2018-01-28 01:47:00.255896');
INSERT INTO "django_admin_log" VALUES(449,'12','django-tinymce mo Muhammad Khimji ',2,'[{"changed": {"fields": ["body"]}}]',11,1,'2018-01-28 01:50:21.384605');
INSERT INTO "django_admin_log" VALUES(450,'12','django-tinymce mo Muhammad Khimji ',2,'[{"changed": {"fields": ["body"]}}]',11,1,'2018-01-28 01:57:38.271925');
INSERT INTO "django_admin_log" VALUES(451,'12','django-tinymce mo Muhammad Khimji ',2,'[{"changed": {"fields": ["body"]}}]',11,1,'2018-01-28 02:02:11.678339');
INSERT INTO "django_admin_log" VALUES(452,'12','django-tinymce mo Muhammad Khimji ',2,'[{"changed": {"fields": ["body"]}}]',11,1,'2018-01-28 05:03:57.452202');
INSERT INTO "django_admin_log" VALUES(453,'12','django-tinymce mo Muhammad Khimji ',2,'[]',11,1,'2018-01-28 05:22:23.195098');
INSERT INTO "django_admin_log" VALUES(454,'12','django-tinymce mo Muhammad Khimji ',2,'[{"changed": {"fields": ["body"]}}]',11,1,'2018-01-28 05:32:38.384334');
INSERT INTO "django_admin_log" VALUES(455,'12','django-tinymce mo Muhammad Khimji ',2,'[{"changed": {"fields": ["body"]}}]',11,1,'2018-01-28 05:36:56.464797');
INSERT INTO "django_admin_log" VALUES(456,'12','django-tinymce mo Muhammad Khimji ',2,'[{"changed": {"fields": ["body"]}}]',11,1,'2018-01-28 05:40:12.207491');
INSERT INTO "django_admin_log" VALUES(457,'12','django-tinymce mo Muhammad Khimji ',2,'[{"changed": {"fields": ["body"]}}]',11,1,'2018-01-28 05:42:45.179416');
INSERT INTO "django_admin_log" VALUES(458,'12','django-tinymce mo Muhammad Khimji ',2,'[]',11,1,'2018-01-28 05:45:33.544773');
INSERT INTO "django_admin_log" VALUES(459,'12','django-tinymce mo Muhammad Khimji ',2,'[]',11,1,'2018-01-28 06:09:34.514502');
INSERT INTO "django_admin_log" VALUES(460,'12','django-tinymce mo Muhammad Khimji ',2,'[{"changed": {"fields": ["body"]}}]',11,1,'2018-01-28 06:10:41.031552');
INSERT INTO "django_admin_log" VALUES(461,'12','django-tinymce mo Muhammad Khimji ',2,'[{"changed": {"fields": ["body"]}}]',11,1,'2018-01-28 06:11:13.957902');
INSERT INTO "django_admin_log" VALUES(462,'12','django-tinymce mo Muhammad Khimji ',2,'[]',11,1,'2018-01-28 06:19:22.078952');
INSERT INTO "django_admin_log" VALUES(463,'6','Virtualenv dave uti dave` ',2,'[{"changed": {"fields": ["body"]}}]',11,1,'2018-01-28 06:20:15.843976');
INSERT INTO "django_admin_log" VALUES(464,'12','django-tinymce mo Muhammad Khimji ',2,'[{"changed": {"fields": ["body"]}}]',11,1,'2018-01-28 06:55:40.612563');
INSERT INTO "django_admin_log" VALUES(465,'12','django-tinymce mo Muhammad Khimji ',2,'[]',11,1,'2018-01-28 06:58:01.188434');
INSERT INTO "django_admin_log" VALUES(466,'12','django-tinymce mo Muhammad Khimji ',2,'[{"changed": {"fields": ["body"]}}]',11,1,'2018-01-28 16:55:22.264419');
INSERT INTO "django_admin_log" VALUES(467,'12','django-tinymce mo Muhammad Khimji ',2,'[{"changed": {"fields": ["body"]}}]',11,1,'2018-01-28 17:23:39.428261');
INSERT INTO "django_admin_log" VALUES(468,'12','django-tinymce mo Muhammad Khimji ',2,'[{"changed": {"fields": ["body"]}}]',11,1,'2018-01-28 17:29:48.668031');
INSERT INTO "django_admin_log" VALUES(469,'12','django-tinymce mo Muhammad Khimji ',2,'[]',11,1,'2018-01-28 17:30:07.670527');
INSERT INTO "django_admin_log" VALUES(470,'12','django-tinymce mo Muhammad Khimji ',2,'[{"changed": {"fields": ["body"]}}]',11,1,'2018-01-28 17:32:09.855319');
INSERT INTO "django_admin_log" VALUES(471,'12','django-tinymce mo Muhammad Khimji ',2,'[]',11,1,'2018-01-28 17:36:33.763630');
INSERT INTO "django_admin_log" VALUES(472,'12','django-tinymce mo Muhammad Khimji ',2,'[]',11,1,'2018-01-28 17:53:12.787594');
INSERT INTO "django_admin_log" VALUES(473,'12','django-tinymce mo Muhammad Khimji ',2,'[{"changed": {"fields": ["body"]}}]',11,1,'2018-01-28 17:53:38.010996');
INSERT INTO "django_admin_log" VALUES(474,'12','django-tinymce mo Muhammad Khimji ',2,'[{"changed": {"fields": ["body"]}}]',11,1,'2018-01-28 17:59:56.246795');
INSERT INTO "django_admin_log" VALUES(475,'12','django-tinymce mo Muhammad Khimji ',2,'[{"changed": {"fields": ["body"]}}]',11,1,'2018-01-28 18:10:57.220070');
INSERT INTO "django_admin_log" VALUES(476,'12','django-tinymce mo Muhammad Khimji ',2,'[{"changed": {"fields": ["body"]}}]',11,1,'2018-01-28 18:11:12.077211');
INSERT INTO "django_admin_log" VALUES(477,'12','django-tinymce mo Muhammad Khimji ',2,'[{"changed": {"fields": ["body"]}}]',11,1,'2018-01-28 19:26:31.755479');
INSERT INTO "django_admin_log" VALUES(478,'12','django-tinymce mo Muhammad Khimji ',2,'[{"changed": {"fields": ["body"]}}]',11,1,'2018-01-28 19:26:58.466582');
INSERT INTO "django_admin_log" VALUES(479,'12','django-tinymce mo Muhammad Khimji ',2,'[{"changed": {"fields": ["body"]}}]',11,1,'2018-01-28 19:27:26.297752');
INSERT INTO "django_admin_log" VALUES(480,'12','django-tinymce mo Muhammad Khimji ',2,'[{"changed": {"fields": ["body"]}}]',11,1,'2018-01-28 19:28:26.935841');
INSERT INTO "django_admin_log" VALUES(481,'12','django-tinymce mo Muhammad Khimji ',2,'[{"changed": {"fields": ["body"]}}]',11,1,'2018-01-28 19:33:26.398040');
INSERT INTO "django_admin_log" VALUES(482,'12','django-tinymce mo Muhammad Khimji ',2,'[{"changed": {"fields": ["body"]}}]',11,1,'2018-01-28 19:33:43.356324');
INSERT INTO "django_admin_log" VALUES(483,'12','django-tinymce mo Muhammad Khimji ',2,'[{"changed": {"fields": ["body"]}}]',11,1,'2018-01-28 19:35:19.496162');
INSERT INTO "django_admin_log" VALUES(484,'9','Django CKEditor mo Muhammad Khimji ',2,'[{"changed": {"fields": ["body"]}}]',11,1,'2018-01-28 19:36:49.473125');
INSERT INTO "django_admin_log" VALUES(485,'12','django-tinymce mo Muhammad Khimji ',2,'[{"changed": {"fields": ["body"]}}]',11,1,'2018-01-28 20:39:28.077694');
INSERT INTO "django_admin_log" VALUES(486,'12','django-tinymce mo Muhammad Khimji ',2,'[{"changed": {"fields": ["body"]}}]',11,1,'2018-01-28 20:40:18.800927');
INSERT INTO "django_admin_log" VALUES(487,'12','django-tinymce mo Muhammad Khimji ',2,'[{"changed": {"fields": ["body"]}}]',11,1,'2018-01-28 20:40:55.873909');
INSERT INTO "django_admin_log" VALUES(488,'12','django-tinymce mo Muhammad Khimji ',2,'[{"changed": {"fields": ["body"]}}]',11,1,'2018-01-28 21:34:32.051638');
INSERT INTO "django_admin_log" VALUES(489,'12','django-tinymce mo Muhammad Khimji ',2,'[{"changed": {"fields": ["body"]}}]',11,1,'2018-01-28 21:58:03.157995');
INSERT INTO "django_admin_log" VALUES(490,'12','django-tinymce mo Muhammad Khimji ',2,'[{"changed": {"fields": ["body"]}}]',11,1,'2018-01-28 21:59:56.280845');
INSERT INTO "django_admin_log" VALUES(491,'12','django-tinymce mo Muhammad Khimji ',2,'[{"changed": {"fields": ["body"]}}]',11,1,'2018-01-28 23:36:09.401434');
INSERT INTO "django_admin_log" VALUES(492,'12','django-tinymce mo Muhammad Khimji ',2,'[{"changed": {"fields": ["body"]}}]',11,1,'2018-01-28 23:37:53.338437');
INSERT INTO "django_admin_log" VALUES(493,'12','django-tinymce mo Muhammad Khimji ',2,'[{"changed": {"fields": ["body"]}}]',11,1,'2018-01-28 23:38:20.007972');
INSERT INTO "django_admin_log" VALUES(494,'12','django-tinymce mo Muhammad Khimji ',2,'[]',11,1,'2018-01-28 23:42:24.622160');
INSERT INTO "django_admin_log" VALUES(495,'12','django-tinymce mo Muhammad Khimji ',2,'[{"changed": {"fields": ["body"]}}]',11,1,'2018-01-28 23:59:52.763639');
INSERT INTO "django_admin_log" VALUES(496,'12','django-tinymce mo Muhammad Khimji ',2,'[{"changed": {"fields": ["body"]}}]',11,1,'2018-01-29 00:00:47.703820');
INSERT INTO "django_admin_log" VALUES(497,'12','django-tinymce mo Muhammad Khimji ',2,'[]',11,1,'2018-01-29 00:15:06.660776');
INSERT INTO "django_admin_log" VALUES(498,'12','django-tinymce mo Muhammad Khimji ',2,'[{"changed": {"fields": ["body"]}}]',11,1,'2018-01-29 00:15:54.884378');
INSERT INTO "django_admin_log" VALUES(499,'12','django-tinymce mo Muhammad Khimji ',2,'[{"changed": {"fields": ["body"]}}]',11,1,'2018-01-29 00:19:37.889617');
INSERT INTO "django_admin_log" VALUES(500,'12','django-tinymce mo Muhammad Khimji ',2,'[{"changed": {"fields": ["body"]}}]',11,1,'2018-01-29 00:21:26.629144');
INSERT INTO "django_admin_log" VALUES(501,'12','django-tinymce mo Muhammad Khimji ',2,'[{"changed": {"fields": ["body"]}}]',11,1,'2018-01-29 00:26:34.276913');
INSERT INTO "django_admin_log" VALUES(502,'12','django-tinymce mo Muhammad Khimji ',2,'[{"changed": {"fields": ["body"]}}]',11,1,'2018-01-29 03:50:49.917206');
INSERT INTO "django_admin_log" VALUES(503,'12','django-tinymce mo Muhammad Khimji ',2,'[{"changed": {"fields": ["body"]}}]',11,1,'2018-01-29 03:56:00.835308');
INSERT INTO "django_admin_log" VALUES(504,'12','django-tinymce mo Muhammad Khimji ',2,'[{"changed": {"fields": ["body"]}}]',11,1,'2018-01-29 04:20:45.749943');
INSERT INTO "django_admin_log" VALUES(505,'12','django-tinymce mo Muhammad Khimji ',2,'[{"changed": {"fields": ["body"]}}]',11,1,'2018-01-29 04:34:55.890336');
INSERT INTO "django_admin_log" VALUES(506,'12','django-tinymce mo Muhammad Khimji ',2,'[{"changed": {"fields": ["body"]}}]',11,1,'2018-01-29 05:31:49.303036');
INSERT INTO "django_admin_log" VALUES(507,'12','django-tinymce mo Muhammad Khimji ',2,'[{"changed": {"fields": ["body"]}}]',11,1,'2018-01-29 06:47:49.255933');
INSERT INTO "django_admin_log" VALUES(508,'12','django-tinymce mo Muhammad Khimji ',2,'[]',11,1,'2018-01-29 07:02:00.130271');
INSERT INTO "django_admin_log" VALUES(509,'12','django-tinymce mo Muhammad Khimji ',2,'[{"changed": {"fields": ["body"]}}]',11,1,'2018-01-29 07:09:11.040265');
INSERT INTO "django_admin_log" VALUES(510,'12','django-tinymce mo Muhammad Khimji ',2,'[]',11,1,'2018-01-29 07:09:46.249551');
INSERT INTO "django_admin_log" VALUES(511,'12','django-tinymce mo Muhammad Khimji ',2,'[{"changed": {"fields": ["body"]}}]',11,1,'2018-01-30 05:32:17.186939');
INSERT INTO "django_admin_log" VALUES(512,'12','django-tinymce mo Muhammad Khimji ',2,'[]',11,1,'2018-01-30 05:34:35.287457');
INSERT INTO "django_admin_log" VALUES(513,'12','django-tinymce mo Muhammad Khimji ',2,'[{"changed": {"fields": ["body"]}}]',11,1,'2018-01-30 05:34:51.013194');
INSERT INTO "django_admin_log" VALUES(514,'12','django-tinymce mo Muhammad Khimji ',2,'[{"changed": {"fields": ["body"]}}]',11,1,'2018-01-30 05:36:18.711602');
INSERT INTO "django_admin_log" VALUES(515,'12','django-tinymce mo Muhammad Khimji ',2,'[{"changed": {"fields": ["body"]}}]',11,1,'2018-01-30 05:39:27.507600');
INSERT INTO "django_admin_log" VALUES(516,'12','django-tinymce mo Muhammad Khimji ',2,'[{"changed": {"fields": ["body"]}}]',11,1,'2018-01-30 05:44:32.625096');
INSERT INTO "django_admin_log" VALUES(517,'12','django-tinymce mo Muhammad Khimji ',2,'[{"changed": {"fields": ["body"]}}]',11,1,'2018-01-30 05:44:46.031169');
INSERT INTO "django_admin_log" VALUES(518,'12','django-tinymce mo Muhammad Khimji ',2,'[{"changed": {"fields": ["body"]}}]',11,1,'2018-01-30 05:47:23.977771');
INSERT INTO "django_admin_log" VALUES(519,'12','django-tinymce mo Muhammad Khimji ',2,'[{"changed": {"fields": ["body"]}}]',11,1,'2018-01-30 05:48:10.803055');
INSERT INTO "django_admin_log" VALUES(520,'12','django-tinymce mo Muhammad Khimji ',2,'[]',11,1,'2018-01-30 05:50:27.464928');
INSERT INTO "django_admin_log" VALUES(521,'12','django-tinymce mo Muhammad Khimji ',2,'[]',11,1,'2018-01-30 07:13:21.569679');
INSERT INTO "django_admin_log" VALUES(522,'12','django-tinymce mo Muhammad Khimji ',2,'[]',11,1,'2018-01-30 07:15:57.497057');
INSERT INTO "django_admin_log" VALUES(523,'12','django-tinymce mo Muhammad Khimji ',2,'[{"changed": {"fields": ["body"]}}]',11,1,'2018-01-30 07:16:53.063695');
INSERT INTO "django_admin_log" VALUES(524,'12','django-tinymce mo Muhammad Khimji ',2,'[{"changed": {"fields": ["body"]}}]',11,1,'2018-01-30 07:17:28.825621');
INSERT INTO "django_admin_log" VALUES(525,'12','django-tinymce mo Muhammad Khimji ',2,'[]',11,1,'2018-01-30 07:19:48.631690');
INSERT INTO "django_admin_log" VALUES(526,'12','django-tinymce mo Muhammad Khimji ',2,'[{"changed": {"fields": ["body"]}}]',11,1,'2018-01-30 07:26:07.354046');
INSERT INTO "django_admin_log" VALUES(527,'12','django-tinymce mo Muhammad Khimji ',2,'[{"changed": {"fields": ["body"]}}]',11,1,'2018-01-30 07:28:39.330107');
INSERT INTO "django_admin_log" VALUES(528,'12','django-tinymce mo Muhammad Khimji ',2,'[{"changed": {"fields": ["body"]}}]',11,1,'2018-01-30 07:33:42.667967');
INSERT INTO "django_admin_log" VALUES(529,'12','django-tinymce mo Muhammad Khimji ',2,'[]',11,1,'2018-01-30 07:38:40.675473');
INSERT INTO "django_admin_log" VALUES(530,'12','django-tinymce mo Muhammad Khimji ',2,'[{"changed": {"fields": ["body"]}}]',11,1,'2018-01-30 07:38:59.862689');
INSERT INTO "django_admin_log" VALUES(531,'12','django-tinymce mo Muhammad Khimji ',2,'[]',11,1,'2018-01-30 07:41:49.426301');
INSERT INTO "django_admin_log" VALUES(532,'12','django-tinymce mo Muhammad Khimji ',2,'[{"changed": {"fields": ["body"]}}]',11,1,'2018-01-30 07:44:14.770347');
INSERT INTO "django_admin_log" VALUES(533,'12','django-tinymce mo Muhammad Khimji ',2,'[{"changed": {"fields": ["body"]}}]',11,1,'2018-01-30 07:44:41.006812');
INSERT INTO "django_admin_log" VALUES(534,'12','django-tinymce mo Muhammad Khimji ',2,'[{"changed": {"fields": ["body"]}}]',11,1,'2018-01-31 04:36:41.767485');
INSERT INTO "django_admin_log" VALUES(535,'12','django-tinymce mo Muhammad Khimji ',2,'[{"changed": {"fields": ["body"]}}]',11,1,'2018-01-31 04:37:01.541986');
INSERT INTO "django_admin_log" VALUES(536,'12','django-tinymce mo Muhammad Khimji ',2,'[{"changed": {"fields": ["body"]}}]',11,1,'2018-01-31 04:39:09.848745');
INSERT INTO "django_admin_log" VALUES(537,'12','django-tinymce mo Muhammad Khimji ',2,'[{"changed": {"fields": ["body"]}}]',11,1,'2018-01-31 04:40:23.722126');
INSERT INTO "django_admin_log" VALUES(538,'12','django-tinymce mo Muhammad Khimji ',2,'[{"changed": {"fields": ["body"]}}]',11,1,'2018-01-31 04:42:13.202107');
INSERT INTO "django_admin_log" VALUES(539,'12','django-tinymce mo Muhammad Khimji ',2,'[{"changed": {"fields": ["body"]}}]',11,1,'2018-01-31 04:42:48.435683');
INSERT INTO "django_admin_log" VALUES(540,'12','django-tinymce mo Muhammad Khimji ',2,'[{"changed": {"fields": ["body"]}}]',11,1,'2018-01-31 04:43:32.811171');
INSERT INTO "django_admin_log" VALUES(541,'12','django-tinymce mo Muhammad Khimji ',2,'[{"changed": {"fields": ["body"]}}]',11,1,'2018-01-31 04:44:00.592197');
INSERT INTO "django_admin_log" VALUES(542,'12','django-tinymce mo Muhammad Khimji ',2,'[{"changed": {"fields": ["body"]}}]',11,1,'2018-01-31 04:44:08.525258');
INSERT INTO "django_admin_log" VALUES(543,'12','django-tinymce mo Muhammad Khimji ',2,'[]',11,1,'2018-01-31 04:45:17.695177');
INSERT INTO "django_admin_log" VALUES(544,'12','django-tinymce mo Muhammad Khimji ',2,'[{"changed": {"fields": ["body"]}}]',11,1,'2018-01-31 05:00:40.864405');
INSERT INTO "django_admin_log" VALUES(545,'12','django-tinymce mo Muhammad Khimji ',2,'[]',11,1,'2018-01-31 05:02:23.846879');
INSERT INTO "django_admin_log" VALUES(546,'12','django-tinymce mo Muhammad Khimji ',2,'[]',11,1,'2018-01-31 06:15:54.257333');
INSERT INTO "django_admin_log" VALUES(547,'12','django-tinymce mo Muhammad Khimji ',2,'[]',11,1,'2018-01-31 06:30:26.283802');
INSERT INTO "django_admin_log" VALUES(548,'12','django-tinymce mo Muhammad Khimji ',2,'[]',11,1,'2018-01-31 06:35:24.620502');
INSERT INTO "django_admin_log" VALUES(549,'12','django-tinymce mo Muhammad Khimji ',2,'[]',11,1,'2018-01-31 06:37:10.492647');
INSERT INTO "django_admin_log" VALUES(550,'12','django-tinymce mo Muhammad Khimji ',2,'[]',11,1,'2018-01-31 06:50:31.587571');
INSERT INTO "django_admin_log" VALUES(551,'12','django-tinymce mo Muhammad Khimji ',2,'[]',11,1,'2018-01-31 06:50:43.631122');
INSERT INTO "django_admin_log" VALUES(552,'12','django-tinymce mo Muhammad Khimji ',2,'[{"changed": {"fields": ["body"]}}]',11,1,'2018-01-31 07:20:44.050487');
INSERT INTO "django_admin_log" VALUES(553,'12','django-tinymce mo Muhammad Khimji ',2,'[{"changed": {"fields": ["body"]}}]',11,1,'2018-01-31 07:22:23.899333');
INSERT INTO "django_admin_log" VALUES(554,'12','django-tinymce mo Muhammad Khimji ',2,'[{"changed": {"fields": ["body"]}}]',11,1,'2018-01-31 07:24:34.054852');
INSERT INTO "django_admin_log" VALUES(555,'12','django-tinymce mo Muhammad Khimji ',2,'[{"changed": {"fields": ["body"]}}]',11,1,'2018-01-31 07:26:21.519221');
INSERT INTO "django_admin_log" VALUES(556,'12','django-tinymce mo Muhammad Khimji ',2,'[{"changed": {"fields": ["body"]}}]',11,1,'2018-01-31 07:27:12.982104');
INSERT INTO "django_admin_log" VALUES(557,'12','django-tinymce mo Muhammad Khimji ',2,'[]',11,1,'2018-01-31 07:31:29.496055');
INSERT INTO "django_admin_log" VALUES(558,'12','django-tinymce mo Muhammad Khimji ',2,'[{"changed": {"fields": ["body"]}}]',11,1,'2018-01-31 16:08:28.764978');
INSERT INTO "django_admin_log" VALUES(559,'12','django-tinymce mo Muhammad Khimji ',2,'[{"changed": {"fields": ["body"]}}]',11,1,'2018-02-01 01:52:07.342316');
INSERT INTO "django_admin_log" VALUES(560,'12','django-tinymce mo Muhammad Khimji ',2,'[{"changed": {"fields": ["body"]}}]',11,1,'2018-02-01 01:52:51.131383');
INSERT INTO "django_admin_log" VALUES(561,'12','django-tinymce mo Muhammad Khimji ',2,'[{"changed": {"fields": ["body"]}}]',11,1,'2018-02-01 01:56:28.169278');
INSERT INTO "django_admin_log" VALUES(562,'12','django-tinymce mo Muhammad Khimji ',2,'[{"changed": {"fields": ["body"]}}]',11,1,'2018-02-01 01:59:19.841875');
INSERT INTO "django_admin_log" VALUES(563,'12','django-tinymce mo Muhammad Khimji ',2,'[{"changed": {"fields": ["body"]}}]',11,1,'2018-02-01 02:02:19.714051');
INSERT INTO "django_admin_log" VALUES(564,'12','django-tinymce mo Muhammad Khimji ',2,'[{"changed": {"fields": ["body"]}}]',11,1,'2018-02-01 02:08:21.653470');
INSERT INTO "django_admin_log" VALUES(565,'12','django-tinymce mo Muhammad Khimji ',2,'[{"changed": {"fields": ["body"]}}]',11,1,'2018-02-01 02:15:09.917074');
INSERT INTO "django_admin_log" VALUES(566,'9','Django CKEditor mo Muhammad Khimji ',2,'[{"changed": {"fields": ["body"]}}]',11,1,'2018-02-01 05:17:50.283825');
INSERT INTO "django_admin_log" VALUES(567,'9','Django CKEditor mo Muhammad Khimji ',2,'[{"changed": {"fields": ["body"]}}]',11,1,'2018-02-01 05:20:33.542511');
INSERT INTO "django_admin_log" VALUES(568,'9','Django CKEditor mo Muhammad Khimji ',2,'[{"changed": {"fields": ["body"]}}]',11,1,'2018-02-01 05:22:00.802704');
INSERT INTO "django_admin_log" VALUES(569,'9','Django CKEditor mo Muhammad Khimji ',2,'[{"changed": {"fields": ["body"]}}]',11,1,'2018-02-01 05:22:22.720070');
INSERT INTO "django_admin_log" VALUES(570,'9','Django CKEditor mo Muhammad Khimji ',2,'[{"changed": {"fields": ["body"]}}]',11,1,'2018-02-01 05:26:58.050926');
INSERT INTO "django_admin_log" VALUES(571,'9','Django CKEditor mo Muhammad Khimji ',2,'[{"changed": {"fields": ["body"]}}]',11,1,'2018-02-01 05:27:13.850315');
INSERT INTO "django_admin_log" VALUES(572,'9','Django CKEditor mo Muhammad Khimji ',2,'[{"changed": {"fields": ["body"]}}]',11,1,'2018-02-01 05:27:58.852122');
INSERT INTO "django_admin_log" VALUES(573,'9','Django CKEditor mo Muhammad Khimji ',2,'[{"changed": {"fields": ["body"]}}]',11,1,'2018-02-01 05:33:02.034388');
INSERT INTO "django_admin_log" VALUES(574,'9','Django CKEditor mo Muhammad Khimji ',2,'[{"changed": {"fields": ["body"]}}]',11,1,'2018-02-01 05:33:50.837829');
INSERT INTO "django_admin_log" VALUES(575,'9','Django CKEditor mo Muhammad Khimji ',2,'[{"changed": {"fields": ["body"]}}]',11,1,'2018-02-01 05:34:02.340682');
INSERT INTO "django_admin_log" VALUES(576,'9','Django CKEditor mo Muhammad Khimji ',2,'[{"changed": {"fields": ["body"]}}]',11,1,'2018-02-01 05:45:53.004713');
INSERT INTO "django_admin_log" VALUES(577,'9','Django CKEditor mo Muhammad Khimji ',2,'[{"changed": {"fields": ["body"]}}]',11,1,'2018-02-01 05:52:57.155932');
INSERT INTO "django_admin_log" VALUES(578,'9','Django CKEditor mo Muhammad Khimji ',2,'[{"changed": {"fields": ["body"]}}]',11,1,'2018-02-01 06:38:28.042192');
INSERT INTO "django_admin_log" VALUES(579,'9','Django CKEditor mo Muhammad Khimji ',2,'[{"changed": {"fields": ["body"]}}]',11,1,'2018-02-01 06:38:51.773827');
INSERT INTO "django_admin_log" VALUES(580,'9','Django CKEditor mo Muhammad Khimji ',2,'[{"changed": {"fields": ["body"]}}]',11,1,'2018-02-01 06:40:02.905329');
INSERT INTO "django_admin_log" VALUES(581,'9','Django CKEditor mo Muhammad Khimji ',2,'[]',11,1,'2018-02-01 06:43:38.545585');
INSERT INTO "django_admin_log" VALUES(582,'9','Django CKEditor mo Muhammad Khimji ',2,'[{"changed": {"fields": ["body"]}}]',11,1,'2018-02-01 06:43:58.601964');
INSERT INTO "django_admin_log" VALUES(583,'9','Django CKEditor mo Muhammad Khimji ',2,'[{"changed": {"fields": ["body"]}}]',11,1,'2018-02-01 06:44:17.794781');
INSERT INTO "django_admin_log" VALUES(584,'9','Django CKEditor mo Muhammad Khimji ',2,'[{"changed": {"fields": ["body"]}}]',11,1,'2018-02-01 06:46:08.457721');
INSERT INTO "django_admin_log" VALUES(585,'9','Django CKEditor mo Muhammad Khimji ',2,'[{"changed": {"fields": ["body"]}}]',11,1,'2018-02-01 06:46:20.848792');
INSERT INTO "django_admin_log" VALUES(586,'9','Django CKEditor mo Muhammad Khimji ',2,'[{"changed": {"fields": ["body"]}}]',11,1,'2018-02-01 06:48:34.904341');
INSERT INTO "django_admin_log" VALUES(587,'12','django-tinymce mo Muhammad Khimji ',2,'[{"changed": {"fields": ["body"]}}]',11,1,'2018-02-02 05:35:38.253928');
INSERT INTO "django_admin_log" VALUES(588,'12','django-tinymce mo Muhammad Khimji ',2,'[]',11,1,'2018-02-02 05:35:55.499666');
INSERT INTO "django_admin_log" VALUES(589,'12','django-tinymce mo Muhammad Khimji ',2,'[{"changed": {"fields": ["body"]}}]',11,1,'2018-02-02 05:37:49.711300');
INSERT INTO "django_admin_log" VALUES(590,'12','django-tinymce mo Muhammad Khimji ',2,'[{"changed": {"fields": ["body"]}}]',11,1,'2018-02-02 05:38:01.300633');
INSERT INTO "django_admin_log" VALUES(591,'12','django-tinymce mo Muhammad Khimji ',2,'[{"changed": {"fields": ["body"]}}]',11,1,'2018-02-02 05:38:27.745626');
INSERT INTO "django_admin_log" VALUES(592,'12','django-tinymce mo Muhammad Khimji ',2,'[{"changed": {"fields": ["body"]}}]',11,1,'2018-02-03 15:41:17.113771');
INSERT INTO "django_admin_log" VALUES(593,'12','django-tinymce mo Muhammad Khimji ',2,'[{"changed": {"fields": ["body"]}}]',11,1,'2018-02-03 17:22:39.623548');
INSERT INTO "django_admin_log" VALUES(594,'12','django-tinymce mo Muhammad Khimji ',2,'[{"changed": {"fields": ["body"]}}]',11,1,'2018-02-03 17:23:07.681660');
INSERT INTO "django_admin_log" VALUES(595,'12','django-tinymce mo Muhammad Khimji ',2,'[{"changed": {"fields": ["body"]}}]',11,1,'2018-02-03 17:23:22.630658');
INSERT INTO "django_admin_log" VALUES(596,'12','django-tinymce mo Muhammad Khimji ',2,'[{"changed": {"fields": ["body"]}}]',11,1,'2018-02-03 17:46:08.998382');
INSERT INTO "django_admin_log" VALUES(597,'12','django-tinymce mo Muhammad Khimji ',2,'[{"changed": {"fields": ["body"]}}]',11,1,'2018-02-03 18:14:02.850171');
INSERT INTO "django_admin_log" VALUES(598,'12','django-tinymce mo Muhammad Khimji ',2,'[]',11,1,'2018-02-04 20:31:41.361704');
INSERT INTO "django_admin_log" VALUES(599,'7','Django TinyMCE mo Muhammad Khimji ',3,'',11,1,'2018-02-04 20:32:20.852492');
INSERT INTO "django_admin_log" VALUES(600,'12','django-tinymce mo Muhammad Khimji ',2,'[]',11,1,'2018-02-04 20:32:24.507342');
INSERT INTO "django_admin_log" VALUES(601,'9','Django CKEditor mo Muhammad Khimji ',2,'[{"changed": {"fields": ["body"]}}]',11,1,'2018-02-04 20:32:29.268547');
INSERT INTO "django_admin_log" VALUES(602,'9','Django CKEditor mo Muhammad Khimji ',2,'[{"changed": {"fields": ["body"]}}]',11,1,'2018-02-04 20:46:23.280470');
INSERT INTO "django_admin_log" VALUES(603,'6','Virtualenv dave uti dave` ',2,'[{"changed": {"fields": ["body"]}}]',11,1,'2018-02-04 20:48:38.190252');
INSERT INTO "django_admin_log" VALUES(604,'6','Virtualenv dave uti dave` ',2,'[{"changed": {"fields": ["body"]}}]',11,1,'2018-02-04 20:49:23.063589');
INSERT INTO "django_admin_log" VALUES(605,'6','Virtualenv dave uti dave` ',2,'[{"changed": {"fields": ["body"]}}]',11,1,'2018-02-04 20:50:37.094796');
INSERT INTO "django_admin_log" VALUES(606,'6','Virtualenv dave uti dave` ',2,'[]',11,1,'2018-02-04 20:50:43.160515');
INSERT INTO "django_admin_log" VALUES(607,'6','Virtualenv dave uti dave` ',2,'[]',11,1,'2018-02-04 20:50:43.179543');
INSERT INTO "django_admin_log" VALUES(608,'6','Virtualenv dave uti dave` ',2,'[{"changed": {"fields": ["body"]}}]',11,1,'2018-02-04 20:58:21.454486');
INSERT INTO "django_admin_log" VALUES(609,'6','Virtualenv dave uti dave` ',2,'[{"changed": {"fields": ["body"]}}]',11,1,'2018-02-04 20:59:08.102349');
INSERT INTO "django_admin_log" VALUES(610,'6','Virtualenv dave uti dave` ',2,'[{"changed": {"fields": ["body"]}}]',11,1,'2018-02-04 20:59:45.014925');
INSERT INTO "django_admin_log" VALUES(611,'6','Virtualenv dave uti dave` ',2,'[{"changed": {"fields": ["body"]}}]',11,1,'2018-02-04 21:00:03.537194');
INSERT INTO "django_admin_log" VALUES(612,'2','Unreal Tournament 2004 mo Muhammad Khimji ',2,'[{"changed": {"fields": ["body"]}}]',11,1,'2018-02-04 21:00:56.330731');
INSERT INTO "django_admin_log" VALUES(613,'6','Virtualenv dave uti dave` ',2,'[{"changed": {"fields": ["body"]}}]',11,1,'2018-02-04 21:01:32.862173');
INSERT INTO "django_admin_log" VALUES(614,'6','Virtualenv dave uti dave` ',2,'[{"changed": {"fields": ["body"]}}]',11,1,'2018-02-04 21:03:18.610097');
INSERT INTO "django_admin_log" VALUES(615,'6','Virtualenv dave uti dave` ',2,'[{"changed": {"fields": ["body"]}}]',11,1,'2018-02-04 21:07:06.730990');
INSERT INTO "django_admin_log" VALUES(616,'6','Virtualenv dave uti dave` ',2,'[{"changed": {"fields": ["body"]}}]',11,1,'2018-02-04 21:08:21.257489');
INSERT INTO "django_admin_log" VALUES(617,'6','Virtualenv dave uti dave` ',2,'[{"changed": {"fields": ["body"]}}]',11,1,'2018-02-04 21:09:06.188031');
INSERT INTO "django_admin_log" VALUES(618,'6','Virtualenv dave uti dave` ',2,'[{"changed": {"fields": ["body"]}}]',11,1,'2018-02-04 21:15:18.213290');
INSERT INTO "django_admin_log" VALUES(619,'6','Virtualenv dave uti dave` ',2,'[{"changed": {"fields": ["body"]}}]',11,1,'2018-02-04 21:15:52.087934');
INSERT INTO "django_admin_log" VALUES(620,'4','Git Mikey Mikey Palmice ',2,'[{"changed": {"fields": ["title"]}}]',11,1,'2018-02-04 21:16:24.640365');
INSERT INTO "django_admin_log" VALUES(621,'3','Install Python swag swag yolo ',2,'[{"changed": {"fields": ["title"]}}]',11,1,'2018-02-04 21:17:50.679522');
INSERT INTO "django_admin_log" VALUES(622,'2','Install Django mo Muhammad Khimji ',2,'[{"changed": {"fields": ["title"]}}]',11,1,'2018-02-04 21:17:59.435408');
INSERT INTO "django_admin_log" VALUES(623,'1','Global Mikey Mikey Palmice ',2,'[{"changed": {"fields": ["title", "body"]}}]',11,1,'2018-02-04 21:18:05.683249');
INSERT INTO "django_admin_log" VALUES(624,'1','ConEmu Mikey Mikey Palmice ',2,'[{"changed": {"fields": ["title"]}}]',11,1,'2018-02-04 21:18:28.152473');
INSERT INTO "django_admin_log" VALUES(625,'13','Widget Tweaks Ron Ron Harris ',1,'[{"added": {}}]',11,1,'2018-02-04 21:20:06.157494');
INSERT INTO "django_admin_log" VALUES(626,'12','django tinymce mo Muhammad Khimji ',2,'[{"changed": {"fields": ["title"]}}]',11,1,'2018-02-06 01:04:07.789115');
INSERT INTO "django_admin_log" VALUES(627,'13','Widget Tweaks Ron Ron Harris ',2,'[{"changed": {"fields": ["body"]}}]',11,1,'2018-02-06 01:18:04.434026');
INSERT INTO "django_admin_log" VALUES(628,'13','Widget Tweaks Ron Ron Harris ',2,'[{"changed": {"fields": ["body"]}}]',11,1,'2018-02-06 01:35:14.189935');
INSERT INTO "django_admin_log" VALUES(629,'13','Django Widget Tweaks Ron Ron Harris ',2,'[{"changed": {"fields": ["title", "body"]}}]',11,1,'2018-02-06 02:22:41.247081');
INSERT INTO "django_admin_log" VALUES(630,'13','Django Widget Tweaks Ron Ron Harris ',2,'[{"changed": {"fields": ["body"]}}]',11,1,'2018-02-06 02:22:57.564635');
INSERT INTO "django_admin_log" VALUES(631,'13','Django Widget Tweaks Ron Ron Harris ',3,'',11,1,'2018-02-06 02:23:21.545021');
INSERT INTO "django_admin_log" VALUES(632,'14','Django Widget Tweaks Ron Ron Harris ',1,'[{"added": {}}]',11,1,'2018-02-06 02:23:48.101767');
INSERT INTO "django_admin_log" VALUES(633,'14','Django Widget Tweaks Ron Ron Harris ',2,'[{"changed": {"fields": ["body"]}}]',11,1,'2018-02-08 06:11:30.258389');
INSERT INTO "django_admin_log" VALUES(634,'14','Django Widget Tweaks Ron Ron Harris ',2,'[{"changed": {"fields": ["body"]}}]',11,1,'2018-02-08 06:14:13.897303');
INSERT INTO "django_admin_log" VALUES(635,'14','Django Widget Tweaks Ron Ron Harris ',2,'[{"changed": {"fields": ["body"]}}]',11,1,'2018-02-08 08:42:03.364584');
INSERT INTO "django_admin_log" VALUES(636,'14','Django Widget Tweaks Ron Ron Harris ',2,'[{"changed": {"fields": ["body"]}}]',11,1,'2018-02-08 08:45:45.319651');
INSERT INTO "django_admin_log" VALUES(637,'14','Django Widget Tweaks Ron Ron Harris ',2,'[{"changed": {"fields": ["body"]}}]',11,1,'2018-02-09 05:44:09.894828');
INSERT INTO "django_admin_log" VALUES(638,'14','Django Widget Tweaks Ron Ron Harris ',2,'[{"changed": {"fields": ["body"]}}]',11,1,'2018-02-09 05:45:59.678480');
INSERT INTO "django_admin_log" VALUES(639,'14','Django Widget Tweaks Ron Ron Harris ',2,'[{"changed": {"fields": ["body"]}}]',11,1,'2018-02-09 05:56:49.811181');
INSERT INTO "django_admin_log" VALUES(640,'14','Django Widget Tweaks Ron Ron Harris ',2,'[{"changed": {"fields": ["body"]}}]',11,1,'2018-02-09 05:59:20.297048');
INSERT INTO "django_admin_log" VALUES(641,'14','Django Widget Tweaks Ron Ron Harris ',2,'[{"changed": {"fields": ["body"]}}]',11,1,'2018-02-09 06:01:25.608073');
INSERT INTO "django_admin_log" VALUES(642,'14','Django Widget Tweaks Ron Ron Harris ',2,'[{"changed": {"fields": ["body"]}}]',11,1,'2018-02-10 19:28:49.578703');
INSERT INTO "django_admin_log" VALUES(643,'14','Django Widget Tweaks Ron Ron Harris ',2,'[{"changed": {"fields": ["body"]}}]',11,58,'2018-02-12 01:34:16.820873');
INSERT INTO "django_admin_log" VALUES(644,'14','Django Widget Tweaks Ron Ron Harris ',2,'[{"changed": {"fields": ["body"]}}]',11,58,'2018-02-12 01:42:47.550498');
INSERT INTO "django_admin_log" VALUES(645,'14','Django Widget Tweaks Ron Ron Harris ',2,'[{"changed": {"fields": ["body"]}}]',11,58,'2018-02-12 02:00:43.292375');
INSERT INTO "django_admin_log" VALUES(646,'14','Django Forms And Widget Tweaks Ron Ron Harris ',2,'[{"changed": {"fields": ["title", "body"]}}]',11,58,'2018-02-12 02:15:41.330492');
INSERT INTO "django_admin_log" VALUES(647,'14','Django Forms And Widget Tweaks Ron Ron Harris ',2,'[{"changed": {"fields": ["body"]}}]',11,58,'2018-02-12 02:17:06.259823');
INSERT INTO "django_admin_log" VALUES(648,'14','Django Forms And Widget Tweaks Ron Ron Harris ',2,'[{"changed": {"fields": ["body"]}}]',11,58,'2018-02-12 04:21:09.127692');
INSERT INTO "django_admin_log" VALUES(649,'14','Django Forms And Widget Tweaks Ron Ron Harris ',2,'[{"changed": {"fields": ["body"]}}]',11,58,'2018-02-12 14:53:50.619181');
INSERT INTO "django_admin_log" VALUES(650,'6','Virtualenv dave uti dave` ',2,'[{"changed": {"fields": ["body"]}}]',11,58,'2018-02-12 16:08:25.846056');
INSERT INTO "django_admin_log" VALUES(651,'6','Virtualenv dave uti dave` ',2,'[{"changed": {"fields": ["body"]}}]',11,58,'2018-02-12 16:15:32.288490');
INSERT INTO "django_admin_log" VALUES(652,'6','Virtualenv dave uti dave` ',2,'[{"changed": {"fields": ["body"]}}]',11,58,'2018-02-12 16:19:41.015591');
INSERT INTO "django_admin_log" VALUES(653,'6','Virtualenv dave uti dave` ',2,'[{"changed": {"fields": ["body"]}}]',11,58,'2018-02-12 16:35:32.055657');
INSERT INTO "django_admin_log" VALUES(654,'6','Virtualenv dave uti dave` ',2,'[{"changed": {"fields": ["body"]}}]',11,58,'2018-02-12 16:35:42.874700');
INSERT INTO "django_admin_log" VALUES(655,'6','Virtualenv dave uti dave` ',2,'[{"changed": {"fields": ["body"]}}]',11,58,'2018-02-12 16:35:53.519735');
INSERT INTO "django_admin_log" VALUES(656,'6','Virtualenv dave uti dave` ',2,'[{"changed": {"fields": ["body"]}}]',11,58,'2018-02-12 16:40:02.121851');
INSERT INTO "django_admin_log" VALUES(657,'6','Virtualenv dave uti dave` ',2,'[{"changed": {"fields": ["body"]}}]',11,58,'2018-02-13 00:10:12.268303');
INSERT INTO "django_admin_log" VALUES(658,'6','Virtualenv dave uti dave` ',2,'[{"changed": {"fields": ["body"]}}]',11,58,'2018-02-13 00:24:03.597231');
INSERT INTO "django_admin_log" VALUES(659,'6','Virtualenv dave uti dave` ',2,'[{"changed": {"fields": ["body"]}}]',11,58,'2018-02-13 00:24:46.843686');
INSERT INTO "django_admin_log" VALUES(660,'6','Virtualenv dave uti dave` ',2,'[{"changed": {"fields": ["body"]}}]',11,58,'2018-02-13 00:37:25.857170');
INSERT INTO "django_admin_log" VALUES(661,'6','Virtualenv dave uti dave` ',2,'[{"changed": {"fields": ["body"]}}]',11,58,'2018-02-13 00:37:56.467703');
INSERT INTO "django_admin_log" VALUES(662,'6','Virtualenv dave uti dave` ',2,'[{"changed": {"fields": ["body"]}}]',11,58,'2018-02-13 00:38:22.616394');
INSERT INTO "django_admin_log" VALUES(663,'6','Virtualenv dave uti dave` ',2,'[{"changed": {"fields": ["body"]}}]',11,58,'2018-02-13 00:40:11.093970');
INSERT INTO "django_admin_log" VALUES(664,'6','Virtualenv dave uti dave` ',2,'[{"changed": {"fields": ["body"]}}]',11,58,'2018-02-13 00:43:38.222668');
INSERT INTO "django_admin_log" VALUES(665,'6','Virtualenv dave uti dave` ',2,'[{"changed": {"fields": ["body"]}}]',11,58,'2018-02-13 00:44:12.487993');
INSERT INTO "django_admin_log" VALUES(666,'6','Virtualenv dave uti dave` ',2,'[{"changed": {"fields": ["body"]}}]',11,58,'2018-02-13 01:53:12.561180');
INSERT INTO "django_admin_log" VALUES(667,'6','Virtualenv dave uti dave` ',2,'[{"changed": {"fields": ["body"]}}]',11,58,'2018-02-13 01:53:36.083553');
INSERT INTO "django_admin_log" VALUES(668,'4','Git Mikey Mikey Palmice ',2,'[{"changed": {"fields": ["body"]}}]',11,58,'2018-02-13 03:24:25.858228');
INSERT INTO "django_admin_log" VALUES(669,'4','Git Mikey Mikey Palmice ',2,'[{"changed": {"fields": ["body"]}}]',11,58,'2018-02-13 03:31:39.031606');
INSERT INTO "django_admin_log" VALUES(670,'4','Git Mikey Mikey Palmice ',2,'[{"changed": {"fields": ["body"]}}]',11,58,'2018-02-13 03:36:23.234055');
INSERT INTO "django_admin_log" VALUES(671,'4','Git Mikey Mikey Palmice ',2,'[{"changed": {"fields": ["body"]}}]',11,58,'2018-02-13 03:42:53.653442');
INSERT INTO "django_admin_log" VALUES(672,'4','Git Mikey Mikey Palmice ',2,'[{"changed": {"fields": ["body"]}}]',11,58,'2018-02-13 03:44:02.160743');
INSERT INTO "django_admin_log" VALUES(673,'4','Git Mikey Mikey Palmice ',2,'[{"changed": {"fields": ["body"]}}]',11,58,'2018-02-13 03:44:39.576291');
INSERT INTO "django_admin_log" VALUES(674,'4','Git Mikey Mikey Palmice ',2,'[{"changed": {"fields": ["body"]}}]',11,58,'2018-02-13 03:45:42.433023');
INSERT INTO "django_admin_log" VALUES(675,'4','Git Mikey Mikey Palmice ',2,'[{"changed": {"fields": ["body"]}}]',11,58,'2018-02-13 03:47:31.099467');
INSERT INTO "django_admin_log" VALUES(676,'4','Git Mikey Mikey Palmice ',2,'[{"changed": {"fields": ["body"]}}]',11,58,'2018-02-13 03:52:03.321290');
INSERT INTO "django_admin_log" VALUES(677,'4','Git Mikey Mikey Palmice ',2,'[{"changed": {"fields": ["body"]}}]',11,58,'2018-02-13 03:58:00.130063');
INSERT INTO "django_admin_log" VALUES(678,'4','Git Mikey Mikey Palmice ',2,'[{"changed": {"fields": ["body"]}}]',11,58,'2018-02-13 03:59:28.472941');
INSERT INTO "django_admin_log" VALUES(679,'4','Git Mikey Mikey Palmice ',2,'[{"changed": {"fields": ["body"]}}]',11,58,'2018-02-13 04:00:50.978234');
INSERT INTO "django_admin_log" VALUES(680,'4','Git Mikey Mikey Palmice ',2,'[{"changed": {"fields": ["body"]}}]',11,58,'2018-02-13 04:10:06.592398');
INSERT INTO "django_admin_log" VALUES(681,'4','Git Mikey Mikey Palmice ',2,'[{"changed": {"fields": ["body"]}}]',11,58,'2018-02-13 04:11:24.421038');
INSERT INTO "django_admin_log" VALUES(682,'4','Git Mikey Mikey Palmice ',2,'[{"changed": {"fields": ["body"]}}]',11,58,'2018-02-15 00:13:10.844139');
INSERT INTO "django_admin_log" VALUES(683,'4','Git Mikey Mikey Palmice ',2,'[{"changed": {"fields": ["body"]}}]',11,58,'2018-02-15 00:22:28.730476');
INSERT INTO "django_admin_log" VALUES(684,'4','Git Mikey Mikey Palmice ',2,'[{"changed": {"fields": ["body"]}}]',11,58,'2018-02-15 00:28:24.401541');
INSERT INTO "django_admin_log" VALUES(685,'4','Git Mikey Mikey Palmice ',2,'[{"changed": {"fields": ["body"]}}]',11,58,'2018-02-15 00:36:11.265822');
INSERT INTO "django_admin_log" VALUES(686,'4','Git Mikey Mikey Palmice ',2,'[{"changed": {"fields": ["body"]}}]',11,58,'2018-02-15 00:40:10.963468');
INSERT INTO "django_admin_log" VALUES(687,'4','Git Mikey Mikey Palmice ',2,'[{"changed": {"fields": ["body"]}}]',11,58,'2018-02-15 00:43:45.750043');
INSERT INTO "django_admin_log" VALUES(688,'4','Git Mikey Mikey Palmice ',2,'[{"changed": {"fields": ["body"]}}]',11,58,'2018-02-15 00:45:17.316644');
INSERT INTO "django_admin_log" VALUES(689,'4','Git Mikey Mikey Palmice ',2,'[{"changed": {"fields": ["body"]}}]',11,58,'2018-02-15 00:46:13.151723');
INSERT INTO "django_admin_log" VALUES(690,'4','Git Mikey Mikey Palmice ',2,'[{"changed": {"fields": ["body"]}}]',11,58,'2018-02-15 00:47:00.757160');
INSERT INTO "django_admin_log" VALUES(691,'4','Git Mikey Mikey Palmice ',2,'[{"changed": {"fields": ["body"]}}]',11,58,'2018-02-15 00:48:51.836378');
INSERT INTO "django_admin_log" VALUES(692,'4','Git Mikey Mikey Palmice ',2,'[{"changed": {"fields": ["body"]}}]',11,58,'2018-02-15 00:51:03.613468');
INSERT INTO "django_admin_log" VALUES(693,'6','Virtualenv dave uti dave` ',2,'[{"changed": {"fields": ["body"]}}]',11,58,'2018-02-15 00:58:57.854874');
INSERT INTO "django_admin_log" VALUES(694,'6','Virtualenv dave uti dave` ',2,'[{"changed": {"fields": ["body"]}}]',11,58,'2018-02-15 01:00:31.869645');
INSERT INTO "django_admin_log" VALUES(695,'3','AutoSlugField mo Muhammad Khimji ',2,'[{"changed": {"fields": ["title", "author", "body"]}}]',11,58,'2018-02-18 00:21:29.948287');
INSERT INTO "django_admin_log" VALUES(696,'3','AutoSlugField mo Muhammad Khimji ',2,'[{"changed": {"fields": ["body"]}}]',11,58,'2018-02-18 00:29:37.069717');
INSERT INTO "django_admin_log" VALUES(697,'3','AutoSlugField mo Muhammad Khimji ',2,'[{"changed": {"fields": ["body"]}}]',11,58,'2018-02-18 00:32:56.797612');
INSERT INTO "django_admin_log" VALUES(698,'3','AutoSlugField mo Muhammad Khimji ',2,'[{"changed": {"fields": ["body"]}}]',11,58,'2018-02-18 00:38:51.123990');
INSERT INTO "django_admin_log" VALUES(699,'3','AutoSlugField mo Muhammad Khimji ',2,'[{"changed": {"fields": ["body"]}}]',11,58,'2018-02-18 00:39:04.896129');
INSERT INTO "django_admin_log" VALUES(700,'3','AutoSlugField mo Muhammad Khimji ',2,'[{"changed": {"fields": ["body"]}}]',11,58,'2018-02-18 00:42:16.855736');
INSERT INTO "django_admin_log" VALUES(701,'3','AutoSlugField mo Muhammad Khimji ',2,'[{"changed": {"fields": ["body"]}}]',11,58,'2018-02-18 00:47:21.207051');
INSERT INTO "django_admin_log" VALUES(702,'14','Django Forms And Widget Tweaks Ron Ron Harris ',2,'[]',11,58,'2018-02-18 00:50:29.499552');
INSERT INTO "django_admin_log" VALUES(703,'4','Git heliuM Helium Oxygen ',2,'[{"changed": {"fields": ["author"]}}]',11,58,'2018-02-18 00:50:38.773026');
INSERT INTO "django_admin_log" VALUES(704,'4','Git heliuM Helium Oxygen ',2,'[]',11,58,'2018-02-18 00:50:46.661012');
INSERT INTO "django_admin_log" VALUES(705,'2','ConEmu mo Muhammad Khimji ',2,'[{"changed": {"fields": ["title"]}}]',11,58,'2018-02-18 01:28:27.866514');
INSERT INTO "django_admin_log" VALUES(706,'1','Static Files Mikey Mikey Palmice ',2,'[{"changed": {"fields": ["title"]}}]',11,58,'2018-02-18 01:29:01.702050');
INSERT INTO "django_admin_log" VALUES(707,'14','Django Forms And Widget Tweaks Ron Ron Harris ',2,'[{"changed": {"fields": ["body"]}}]',11,58,'2018-02-18 01:32:32.848820');
INSERT INTO "django_admin_log" VALUES(708,'14','Django Forms And Widget Tweaks Ron Ron Harris ',2,'[{"changed": {"fields": ["body"]}}]',11,58,'2018-02-18 01:32:52.836557');
INSERT INTO "django_admin_log" VALUES(709,'14','Django Forms And Widget Tweaks Ron Ron Harris ',2,'[{"changed": {"fields": ["body"]}}]',11,58,'2018-02-18 01:33:41.600698');
INSERT INTO "django_admin_log" VALUES(710,'14','Django Forms And Widget Tweaks Ron Ron Harris ',2,'[]',11,58,'2018-02-18 01:36:22.873180');
INSERT INTO "django_admin_log" VALUES(711,'15','Using Python in CMD ben ben sanderson ',1,'[{"added": {}}]',11,58,'2018-02-18 01:36:57.732897');
INSERT INTO "django_admin_log" VALUES(712,'1','Static Files heliuM Helium Oxygen ',2,'[{"changed": {"fields": ["author", "body"]}}]',11,58,'2018-02-21 03:56:22.364182');
INSERT INTO "django_admin_log" VALUES(713,'1','Static Files heliuM Helium Oxygen ',2,'[{"changed": {"fields": ["body"]}}]',11,58,'2018-02-21 04:02:16.464652');
INSERT INTO "django_admin_log" VALUES(714,'1','Static Files heliuM Helium Oxygen ',2,'[{"changed": {"fields": ["body"]}}]',11,58,'2018-02-21 04:16:19.378694');
INSERT INTO "django_admin_log" VALUES(715,'1','Static vs Media Files heliuM Helium Oxygen ',2,'[{"changed": {"fields": ["title", "body"]}}]',11,58,'2018-02-21 04:16:42.378843');
INSERT INTO "django_admin_log" VALUES(716,'3','AutoSlugField mo Muhammad Khimji ',2,'[{"changed": {"fields": ["body"]}}]',11,58,'2018-02-21 04:18:02.245434');
INSERT INTO "django_admin_log" VALUES(717,'3','AutoSlugField mo Muhammad Khimji ',2,'[{"changed": {"fields": ["body"]}}]',11,58,'2018-02-21 04:21:15.554699');
INSERT INTO "django_admin_log" VALUES(718,'14','Django Forms And Widget Tweaks Ron Ron Harris ',2,'[{"changed": {"fields": ["body"]}}]',11,58,'2018-02-21 04:37:41.661976');
INSERT INTO "django_admin_log" VALUES(719,'14','Django Forms And Widget Tweaks Ron Ron Harris ',2,'[{"changed": {"fields": ["body"]}}]',11,58,'2018-02-21 04:38:17.397182');
INSERT INTO "django_admin_log" VALUES(720,'14','Django Forms And Widget Tweaks Ron Ron Harris ',2,'[{"changed": {"fields": ["body"]}}]',11,58,'2018-02-21 04:38:42.298240');
INSERT INTO "django_admin_log" VALUES(721,'14','Django Forms And Widget Tweaks Ron Ron Harris ',2,'[{"changed": {"fields": ["body"]}}]',11,58,'2018-02-21 04:39:29.789624');
INSERT INTO "django_admin_log" VALUES(722,'14','Django Forms And Widget Tweaks Ron Ron Harris ',2,'[{"changed": {"fields": ["body"]}}]',11,58,'2018-02-21 04:40:04.535092');
INSERT INTO "django_admin_log" VALUES(723,'4','Git heliuM Helium Oxygen ',2,'[{"changed": {"fields": ["body"]}}]',11,58,'2018-02-21 04:45:23.894319');
INSERT INTO "django_admin_log" VALUES(724,'4','Git heliuM Helium Oxygen ',2,'[{"changed": {"fields": ["body"]}}]',11,58,'2018-02-21 04:47:28.553888');
INSERT INTO "django_admin_log" VALUES(725,'4','Git heliuM Helium Oxygen ',2,'[{"changed": {"fields": ["body"]}}]',11,58,'2018-02-21 04:48:57.959353');
INSERT INTO "django_admin_log" VALUES(726,'4','Git heliuM Helium Oxygen ',2,'[{"changed": {"fields": ["body"]}}]',11,58,'2018-02-21 04:50:29.292805');
INSERT INTO "django_admin_log" VALUES(727,'4','Git heliuM Helium Oxygen ',2,'[{"changed": {"fields": ["body"]}}]',11,58,'2018-02-21 04:52:12.995678');
INSERT INTO "django_admin_log" VALUES(728,'16','Django Archive dave uti dave` ',1,'[{"added": {}}]',11,58,'2018-02-21 04:58:54.047300');
INSERT INTO "django_admin_log" VALUES(729,'17','Create cool HR Al Jazeera Medhi ',1,'[{"added": {}}]',11,58,'2018-02-21 04:59:37.927185');
INSERT INTO "django_admin_log" VALUES(730,'17','Create cool HR Al Jazeera Medhi ',2,'[{"changed": {"fields": ["body"]}}]',11,58,'2018-02-21 05:25:07.683029');
INSERT INTO "django_admin_log" VALUES(731,'6','Virtualenv dave uti dave` ',2,'[{"changed": {"fields": ["body"]}}]',11,58,'2018-02-21 07:03:26.204248');
INSERT INTO "django_admin_log" VALUES(732,'9','Django CKEditor mo Muhammad Khimji ',2,'[{"changed": {"fields": ["body"]}}]',11,58,'2018-02-21 07:06:15.889177');
INSERT INTO "django_admin_log" VALUES(733,'17','Bootstrap Navbar Al Jazeera Medhi ',2,'[{"changed": {"fields": ["title", "body"]}}]',11,58,'2018-02-21 09:00:55.833434');
INSERT INTO "django_admin_log" VALUES(734,'17','Bootstrap Navbar Al Jazeera Medhi ',2,'[]',11,58,'2018-02-23 03:17:31.522602');
INSERT INTO "django_admin_log" VALUES(735,'18','CSS Login Page mo Muhammad Khimji ',1,'[{"added": {}}]',11,58,'2018-02-23 03:18:00.662009');
INSERT INTO "django_admin_log" VALUES(736,'17','Bootstrap Navbar Al Jazeera Medhi ',2,'[{"changed": {"fields": ["body"]}}]',11,58,'2018-02-23 03:46:25.212319');
INSERT INTO "django_admin_log" VALUES(737,'17','Bootstrap Navbar Al Jazeera Medhi ',2,'[{"changed": {"fields": ["body"]}}]',11,58,'2018-02-23 03:55:02.075905');
INSERT INTO "django_admin_log" VALUES(738,'17','Bootstrap Navbar Al Jazeera Medhi ',2,'[{"changed": {"fields": ["body"]}}]',11,58,'2018-02-23 04:04:55.580247');
INSERT INTO "django_admin_log" VALUES(739,'17','Bootstrap Navbar Al Jazeera Medhi ',2,'[{"changed": {"fields": ["body"]}}]',11,58,'2018-02-23 05:11:15.894946');
INSERT INTO "django_admin_log" VALUES(740,'17','Bootstrap Navbar Al Jazeera Medhi ',2,'[{"changed": {"fields": ["body"]}}]',11,58,'2018-02-23 05:38:36.459773');
INSERT INTO "django_admin_log" VALUES(741,'17','Bootstrap Navbar Al Jazeera Medhi ',2,'[{"changed": {"fields": ["body"]}}]',11,58,'2018-02-23 05:40:51.203626');
INSERT INTO "django_admin_log" VALUES(742,'17','Bootstrap Navbar Al Jazeera Medhi ',2,'[{"changed": {"fields": ["body"]}}]',11,58,'2018-02-23 05:41:36.431989');
INSERT INTO "django_admin_log" VALUES(743,'18','CSS Login Page mo Muhammad Khimji ',2,'[{"changed": {"fields": ["body"]}}]',11,58,'2018-02-25 00:35:48.638441');
INSERT INTO "django_admin_log" VALUES(744,'18','CSS Login Page mo Muhammad Khimji ',2,'[{"changed": {"fields": ["body"]}}]',11,58,'2018-02-25 00:38:08.771823');
INSERT INTO "django_admin_log" VALUES(745,'18','CSS Login Page mo Muhammad Khimji ',2,'[{"changed": {"fields": ["body"]}}]',11,58,'2018-02-25 00:44:17.522388');
INSERT INTO "django_admin_log" VALUES(746,'19','Username Check with AJAX south south well ',1,'[{"added": {}}]',11,58,'2018-03-04 04:53:19.043672');
INSERT INTO "django_admin_log" VALUES(747,'19','Username Check with AJAX south south well ',2,'[{"changed": {"fields": ["body"]}}]',11,58,'2018-03-04 05:04:57.238821');
INSERT INTO "django_admin_log" VALUES(748,'19','Username Check with AJAX south south well ',2,'[{"changed": {"fields": ["body"]}}]',11,58,'2018-03-04 05:11:11.846701');
INSERT INTO "django_admin_log" VALUES(749,'19','Username Check with AJAX south south well ',2,'[{"changed": {"fields": ["body"]}}]',11,58,'2018-03-04 06:22:06.144220');
INSERT INTO "django_admin_log" VALUES(750,'19','Username Check with AJAX south south well ',2,'[{"changed": {"fields": ["body"]}}]',11,58,'2018-03-04 07:10:47.540666');
INSERT INTO "django_admin_log" VALUES(751,'19','Username Check with AJAX south south well ',2,'[{"changed": {"fields": ["body"]}}]',11,58,'2018-03-04 07:16:50.744147');
INSERT INTO "django_admin_log" VALUES(752,'19','Username Check with AJAX south south well ',2,'[{"changed": {"fields": ["body"]}}]',11,58,'2018-03-04 07:28:31.124885');
INSERT INTO "django_admin_log" VALUES(753,'19','Username Check with AJAX south south well ',2,'[]',11,58,'2018-03-04 07:32:00.984680');
INSERT INTO "django_admin_log" VALUES(754,'19','Username Check with AJAX south south well ',2,'[{"changed": {"fields": ["body"]}}]',11,58,'2018-03-04 07:34:26.115812');
INSERT INTO "django_admin_log" VALUES(755,'19','Username Check with AJAX south south well ',2,'[{"changed": {"fields": ["body"]}}]',11,58,'2018-03-04 07:35:33.763111');
INSERT INTO "django_admin_log" VALUES(756,'19','Username Check with AJAX south south well ',2,'[]',11,58,'2018-03-04 08:06:45.785810');
INSERT INTO "django_admin_log" VALUES(757,'19','Username Check with AJAX south south well ',2,'[{"changed": {"fields": ["body"]}}]',11,58,'2018-03-06 04:33:17.914479');
INSERT INTO "django_admin_log" VALUES(758,'19','Username Check with AJAX south south well ',2,'[{"changed": {"fields": ["body"]}}]',11,58,'2018-03-06 07:07:12.114000');
INSERT INTO "django_admin_log" VALUES(759,'19','Username Check with AJAX south south well ',2,'[{"changed": {"fields": ["body"]}}]',11,58,'2018-03-06 07:12:49.319436');
INSERT INTO "django_admin_log" VALUES(760,'19','Username Check with AJAX south south well ',2,'[]',11,58,'2018-03-06 09:28:24.636510');
INSERT INTO "django_admin_log" VALUES(761,'17','Bootstrap Navbar Al Jazeera Medhi ',2,'[]',11,58,'2018-03-07 01:19:22.124692');
INSERT INTO "django_admin_log" VALUES(762,'17','Bootstrap Navbar Al Jazeera Medhi ',2,'[]',11,58,'2018-03-07 01:20:19.226341');
INSERT INTO "django_admin_log" VALUES(763,'19','Username Check with AJAX south south well ',2,'[]',11,58,'2018-03-07 01:25:21.923121');
INSERT INTO "django_admin_log" VALUES(764,'17','Bootstrap Navbar Al Jazeera Medhi ',2,'[]',11,58,'2018-03-07 01:32:10.908866');
INSERT INTO "django_admin_log" VALUES(765,'9','Django CKEditor mo Muhammad Khimji ',2,'[{"changed": {"fields": ["body"]}}]',11,58,'2018-03-07 02:26:35.399246');
INSERT INTO "django_admin_log" VALUES(766,'19','Username Check with AJAX south south well ',2,'[{"changed": {"fields": ["body"]}}]',11,58,'2018-03-07 02:44:45.251879');
INSERT INTO "django_admin_log" VALUES(767,'19','Username Check with AJAX south south well ',2,'[{"changed": {"fields": ["body"]}}]',11,58,'2018-03-07 02:47:21.347198');
INSERT INTO "django_admin_log" VALUES(768,'19','Username Check with AJAX south south well ',2,'[{"changed": {"fields": ["body"]}}]',11,58,'2018-03-07 02:48:11.667963');
INSERT INTO "django_admin_log" VALUES(769,'17','Bootstrap Navbar Al Jazeera Medhi ',2,'[{"changed": {"fields": ["body"]}}]',11,58,'2018-03-07 02:48:55.657093');
INSERT INTO "django_admin_log" VALUES(770,'14','Django Forms And Widget Tweaks Ron Ron Harris ',2,'[{"changed": {"fields": ["body"]}}]',11,58,'2018-03-07 02:50:23.852182');
INSERT INTO "django_admin_log" VALUES(771,'19','Username Check with AJAX south south well ',2,'[{"changed": {"fields": ["body"]}}]',11,58,'2018-03-07 05:35:13.209826');
INSERT INTO "django_admin_log" VALUES(772,'19','Username Check with AJAX south south well ',2,'[{"changed": {"fields": ["body"]}}]',11,58,'2018-03-07 05:45:18.891237');
INSERT INTO "django_admin_log" VALUES(773,'20','How to organise Base.html tobefair mrsd ahamer ',1,'[{"added": {}}]',11,58,'2018-03-07 05:47:25.535829');
INSERT INTO "django_admin_log" VALUES(774,'20','How to organise Base.html tobefair mrsd ahamer ',2,'[{"changed": {"fields": ["body"]}}]',11,58,'2018-03-07 05:47:41.603522');
INSERT INTO "django_admin_log" VALUES(775,'19','Username Check with AJAX south south well ',2,'[{"changed": {"fields": ["body"]}}]',11,58,'2018-03-07 07:33:59.879924');
INSERT INTO "django_admin_log" VALUES(776,'19','Username Check with AJAX south south well ',2,'[{"changed": {"fields": ["body"]}}]',11,58,'2018-03-07 07:53:00.421101');
INSERT INTO "django_admin_log" VALUES(777,'19','Username Check with AJAX south south well ',2,'[{"changed": {"fields": ["body"]}}]',11,58,'2018-03-07 08:03:31.844642');
INSERT INTO "django_admin_log" VALUES(778,'19','Username Check with AJAX south south well ',2,'[{"changed": {"fields": ["body"]}}]',11,58,'2018-03-07 08:04:47.977998');
INSERT INTO "django_admin_log" VALUES(779,'18','CSS Login Page mo Muhammad Khimji ',2,'[{"changed": {"fields": ["body"]}}]',11,58,'2018-03-07 08:05:15.390196');
INSERT INTO "django_admin_log" VALUES(780,'12','django tinymce mo Muhammad Khimji ',2,'[{"changed": {"fields": ["body"]}}]',11,58,'2018-03-07 08:08:04.705625');
INSERT INTO "django_admin_log" VALUES(781,'9','Django CKEditor mo Muhammad Khimji ',2,'[{"changed": {"fields": ["body"]}}]',11,58,'2018-03-07 08:09:49.770497');
INSERT INTO "django_admin_log" VALUES(782,'6','Virtualenv dave uti dave` ',2,'[{"changed": {"fields": ["body"]}}]',11,58,'2018-03-07 08:10:32.520268');
INSERT INTO "django_admin_log" VALUES(783,'3','AutoSlugField mo Muhammad Khimji ',2,'[{"changed": {"fields": ["body"]}}]',11,58,'2018-03-07 08:11:29.877683');
INSERT INTO "django_admin_log" VALUES(784,'18','CSS Login Page mo Muhammad Khimji ',2,'[{"changed": {"fields": ["body"]}}]',11,58,'2018-03-08 01:14:17.836376');
INSERT INTO "django_admin_log" VALUES(785,'18','CSS Login Page mo Muhammad Khimji ',2,'[{"changed": {"fields": ["body"]}}]',11,58,'2018-03-08 01:29:44.284936');
INSERT INTO "django_admin_log" VALUES(786,'18','CSS Login Page mo Muhammad Khimji ',2,'[{"changed": {"fields": ["body"]}}]',11,58,'2018-03-08 01:35:11.891460');
INSERT INTO "django_admin_log" VALUES(787,'18','CSS Login Page mo Muhammad Khimji ',2,'[{"changed": {"fields": ["body"]}}]',11,58,'2018-03-08 01:44:09.203844');
INSERT INTO "django_admin_log" VALUES(788,'18','CSS Login Page mo Muhammad Khimji ',2,'[{"changed": {"fields": ["body"]}}]',11,58,'2018-03-08 01:50:01.856741');
INSERT INTO "django_admin_log" VALUES(789,'18','CSS Login Page mo Muhammad Khimji ',2,'[]',11,58,'2018-03-08 01:50:07.219518');
INSERT INTO "django_admin_log" VALUES(790,'18','CSS Login Page mo Muhammad Khimji ',2,'[{"changed": {"fields": ["body"]}}]',11,58,'2018-03-08 01:53:31.008420');
INSERT INTO "django_admin_log" VALUES(791,'18','CSS Login Page mo Muhammad Khimji ',2,'[{"changed": {"fields": ["body"]}}]',11,58,'2018-03-08 01:57:29.525221');
INSERT INTO "django_admin_log" VALUES(792,'20','How to organise Base.html tobefair mrsd ahamer ',2,'[{"changed": {"fields": ["body"]}}]',11,58,'2018-03-08 02:00:52.676150');
INSERT INTO "django_admin_log" VALUES(793,'20','How to organise Base.html tobefair mrsd ahamer ',2,'[{"changed": {"fields": ["body"]}}]',11,58,'2018-03-08 02:12:17.993041');
INSERT INTO "django_admin_log" VALUES(794,'20','How to organise Base.html tobefair mrsd ahamer ',2,'[{"changed": {"fields": ["body"]}}]',11,58,'2018-03-08 02:26:48.238977');
INSERT INTO "django_admin_log" VALUES(795,'20','How to organise Base.html tobefair mrsd ahamer ',2,'[{"changed": {"fields": ["body"]}}]',11,58,'2018-03-08 02:27:02.026309');
INSERT INTO "django_admin_log" VALUES(796,'20','How to organise Base.html tobefair mrsd ahamer ',2,'[{"changed": {"fields": ["body"]}}]',11,58,'2018-03-08 02:29:30.988791');
INSERT INTO "django_admin_log" VALUES(797,'6','Virtualenv dave uti dave` ',2,'[{"changed": {"fields": ["body"]}}]',11,58,'2018-03-08 02:31:01.368504');
INSERT INTO "django_admin_log" VALUES(798,'2','aewfrtgreyh5ey mo Muhammad Khimji ',2,'[{"changed": {"fields": ["title", "body"]}}]',11,58,'2018-03-08 04:11:10.963369');
INSERT INTO "django_admin_log" VALUES(799,'18','CSS Login Page mo Muhammad Khimji ',2,'[{"changed": {"fields": ["body"]}}]',11,58,'2018-03-08 04:17:56.657457');
INSERT INTO "django_admin_log" VALUES(800,'21','Windows PowerShell heliuM Helium Oxygen ',1,'[{"added": {}}]',11,58,'2018-03-08 04:23:14.366413');
INSERT INTO "django_admin_log" VALUES(801,'21','Windows PowerShell heliuM Helium Oxygen ',2,'[{"changed": {"fields": ["body"]}}]',11,58,'2018-03-08 04:23:41.853989');
INSERT INTO "django_admin_log" VALUES(802,'21','Windows PowerShell heliuM Helium Oxygen ',2,'[]',11,58,'2018-03-08 04:29:25.986102');
INSERT INTO "django_admin_log" VALUES(803,'6','Virtualenv dave uti dave` ',2,'[{"changed": {"fields": ["body"]}}]',11,58,'2018-03-08 04:35:03.130620');
INSERT INTO "django_admin_log" VALUES(804,'6','Virtualenv dave uti dave` ',2,'[{"changed": {"fields": ["body"]}}]',11,58,'2018-03-08 04:35:45.786936');
INSERT INTO "django_admin_log" VALUES(805,'6','Virtualenv dave uti dave` ',2,'[{"changed": {"fields": ["body"]}}]',11,58,'2018-03-08 04:38:55.852334');
INSERT INTO "django_admin_log" VALUES(806,'18','CSS Login Page mo Muhammad Khimji ',2,'[{"changed": {"fields": ["body"]}}]',11,58,'2018-03-08 08:19:31.858179');
CREATE UNIQUE INDEX "auth_group_permissions_group_id_permission_id_0cd325b0_uniq" ON "auth_group_permissions" ("group_id", "permission_id");
CREATE INDEX IF NOT EXISTS "auth_group_permissions_group_id_b120cbf9" ON "auth_group_permissions" ("group_id");
CREATE INDEX IF NOT EXISTS "auth_group_permissions_permission_id_84c5c92e" ON "auth_group_permissions" ("permission_id");
CREATE UNIQUE INDEX "auth_user_groups_user_id_group_id_94350c0c_uniq" ON "auth_user_groups" ("user_id", "group_id");
CREATE INDEX IF NOT EXISTS "auth_user_groups_user_id_6a12ed8b" ON "auth_user_groups" ("user_id");
CREATE INDEX IF NOT EXISTS "auth_user_groups_group_id_97559544" ON "auth_user_groups" ("group_id");
CREATE UNIQUE INDEX "auth_user_user_permissions_user_id_permission_id_14a6b632_uniq" ON "auth_user_user_permissions" ("user_id", "permission_id");
CREATE INDEX IF NOT EXISTS "auth_user_user_permissions_user_id_a95ead1b" ON "auth_user_user_permissions" ("user_id");
CREATE INDEX IF NOT EXISTS "auth_user_user_permissions_permission_id_1fbb5f2c" ON "auth_user_user_permissions" ("permission_id");
CREATE INDEX IF NOT EXISTS "django_admin_log_content_type_id_c4bce8eb" ON "django_admin_log" ("content_type_id");
CREATE INDEX IF NOT EXISTS "django_admin_log_user_id_c564eba6" ON "django_admin_log" ("user_id");
CREATE UNIQUE INDEX "django_content_type_app_label_model_76bd3d3b_uniq" ON "django_content_type" ("app_label", "model");
CREATE UNIQUE INDEX "auth_permission_content_type_id_codename_01ab375a_uniq" ON "auth_permission" ("content_type_id", "codename");
CREATE INDEX IF NOT EXISTS "auth_permission_content_type_id_2f476e4b" ON "auth_permission" ("content_type_id");
CREATE INDEX IF NOT EXISTS "django_session_expire_date_a5c62663" ON "django_session" ("expire_date");
CREATE INDEX IF NOT EXISTS "home_post_user_id_4e975327" ON "home_post" ("user_id");
CREATE UNIQUE INDEX "home_friend_users_friend_id_user_id_ccea7aea_uniq" ON "home_friend_users" ("friend_id", "user_id");
CREATE INDEX IF NOT EXISTS "home_friend_users_friend_id_26bab69d" ON "home_friend_users" ("friend_id");
CREATE INDEX IF NOT EXISTS "home_friend_users_user_id_201ee81b" ON "home_friend_users" ("user_id");
CREATE INDEX IF NOT EXISTS "home_friend_current_user_id_a86fccfb" ON "home_friend" ("current_user_id");
CREATE INDEX IF NOT EXISTS "blog_blogpost_author_id_ffcc150f" ON "blog_blogpost" ("author_id");
CREATE INDEX IF NOT EXISTS "home_comment_comment_body_id_1f019a5f" ON "home_comment" ("comment_body_id");
CREATE INDEX IF NOT EXISTS "home_blogpost_author_id_74311485" ON "home_blogpost" ("author_id");
CREATE TABLE "django_content_type" ("id" integer NOT NULL PRIMARY KEY AUTOINCREMENT, "app_label" varchar(100) NOT NULL, "model" varchar(100) NOT NULL);
INSERT INTO "django_content_type" VALUES(1,'admin','logentry');
INSERT INTO "django_content_type" VALUES(2,'auth','user');
INSERT INTO "django_content_type" VALUES(3,'auth','group');
INSERT INTO "django_content_type" VALUES(4,'auth','permission');
INSERT INTO "django_content_type" VALUES(5,'contenttypes','contenttype');
INSERT INTO "django_content_type" VALUES(6,'sessions','session');
INSERT INTO "django_content_type" VALUES(7,'accounts','userprofile');
INSERT INTO "django_content_type" VALUES(8,'home','post');
INSERT INTO "django_content_type" VALUES(9,'home','friend');
INSERT INTO "django_content_type" VALUES(10,'accounts','userimage');
INSERT INTO "django_content_type" VALUES(11,'home','blogpost');
INSERT INTO "django_content_type" VALUES(12,'blog','author');
INSERT INTO "django_content_type" VALUES(13,'blog','blogpost');
INSERT INTO "django_content_type" VALUES(14,'home','comment');
CREATE UNIQUE INDEX "auth_group_permissions_group_id_permission_id_0cd325b0_uniq" ON "auth_group_permissions" ("group_id", "permission_id");
CREATE INDEX IF NOT EXISTS "auth_group_permissions_group_id_b120cbf9" ON "auth_group_permissions" ("group_id");
CREATE INDEX IF NOT EXISTS "auth_group_permissions_permission_id_84c5c92e" ON "auth_group_permissions" ("permission_id");
CREATE UNIQUE INDEX "auth_user_groups_user_id_group_id_94350c0c_uniq" ON "auth_user_groups" ("user_id", "group_id");
CREATE INDEX IF NOT EXISTS "auth_user_groups_user_id_6a12ed8b" ON "auth_user_groups" ("user_id");
CREATE INDEX IF NOT EXISTS "auth_user_groups_group_id_97559544" ON "auth_user_groups" ("group_id");
CREATE UNIQUE INDEX "auth_user_user_permissions_user_id_permission_id_14a6b632_uniq" ON "auth_user_user_permissions" ("user_id", "permission_id");
CREATE INDEX IF NOT EXISTS "auth_user_user_permissions_user_id_a95ead1b" ON "auth_user_user_permissions" ("user_id");
CREATE INDEX IF NOT EXISTS "auth_user_user_permissions_permission_id_1fbb5f2c" ON "auth_user_user_permissions" ("permission_id");
CREATE INDEX IF NOT EXISTS "django_admin_log_content_type_id_c4bce8eb" ON "django_admin_log" ("content_type_id");
CREATE INDEX IF NOT EXISTS "django_admin_log_user_id_c564eba6" ON "django_admin_log" ("user_id");
CREATE UNIQUE INDEX "django_content_type_app_label_model_76bd3d3b_uniq" ON "django_content_type" ("app_label", "model");
CREATE UNIQUE INDEX "auth_permission_content_type_id_codename_01ab375a_uniq" ON "auth_permission" ("content_type_id", "codename");
CREATE INDEX IF NOT EXISTS "auth_permission_content_type_id_2f476e4b" ON "auth_permission" ("content_type_id");
CREATE INDEX IF NOT EXISTS "django_session_expire_date_a5c62663" ON "django_session" ("expire_date");
CREATE INDEX IF NOT EXISTS "home_post_user_id_4e975327" ON "home_post" ("user_id");
CREATE UNIQUE INDEX "home_friend_users_friend_id_user_id_ccea7aea_uniq" ON "home_friend_users" ("friend_id", "user_id");
CREATE INDEX IF NOT EXISTS "home_friend_users_friend_id_26bab69d" ON "home_friend_users" ("friend_id");
CREATE INDEX IF NOT EXISTS "home_friend_users_user_id_201ee81b" ON "home_friend_users" ("user_id");
CREATE INDEX IF NOT EXISTS "home_friend_current_user_id_a86fccfb" ON "home_friend" ("current_user_id");
CREATE INDEX IF NOT EXISTS "blog_blogpost_author_id_ffcc150f" ON "blog_blogpost" ("author_id");
CREATE INDEX IF NOT EXISTS "home_comment_comment_body_id_1f019a5f" ON "home_comment" ("comment_body_id");
CREATE INDEX IF NOT EXISTS "home_blogpost_author_id_74311485" ON "home_blogpost" ("author_id");
CREATE TABLE "django_migrations" ("id" integer NOT NULL PRIMARY KEY AUTOINCREMENT, "app" varchar(255) NOT NULL, "name" varchar(255) NOT NULL, "applied" datetime NOT NULL);
INSERT INTO "django_migrations" VALUES(1,'contenttypes','0001_initial','2017-07-22 18:02:28.734375');
INSERT INTO "django_migrations" VALUES(2,'auth','0001_initial','2017-07-22 18:02:28.828125');
INSERT INTO "django_migrations" VALUES(3,'admin','0001_initial','2017-07-22 18:02:28.921875');
INSERT INTO "django_migrations" VALUES(4,'admin','0002_logentry_remove_auto_add','2017-07-22 18:02:29');
INSERT INTO "django_migrations" VALUES(5,'contenttypes','0002_remove_content_type_name','2017-07-22 18:02:29.140625');
INSERT INTO "django_migrations" VALUES(6,'auth','0002_alter_permission_name_max_length','2017-07-22 18:02:29.218750');
INSERT INTO "django_migrations" VALUES(7,'auth','0003_alter_user_email_max_length','2017-07-22 18:02:29.296875');
INSERT INTO "django_migrations" VALUES(8,'auth','0004_alter_user_username_opts','2017-07-22 18:02:29.406250');
INSERT INTO "django_migrations" VALUES(9,'auth','0005_alter_user_last_login_null','2017-07-22 18:02:29.515625');
INSERT INTO "django_migrations" VALUES(10,'auth','0006_require_contenttypes_0002','2017-07-22 18:02:29.546875');
INSERT INTO "django_migrations" VALUES(11,'auth','0007_alter_validators_add_error_messages','2017-07-22 18:02:29.703125');
INSERT INTO "django_migrations" VALUES(12,'auth','0008_alter_user_username_max_length','2017-07-22 18:02:30.015625');
INSERT INTO "django_migrations" VALUES(13,'sessions','0001_initial','2017-07-22 18:02:30.109375');
INSERT INTO "django_migrations" VALUES(14,'accounts','0001_initial','2017-07-23 16:18:49.375000');
INSERT INTO "django_migrations" VALUES(15,'accounts','0002_userprofile_image','2017-07-28 03:33:16.328125');
INSERT INTO "django_migrations" VALUES(16,'accounts','0003_auto_20170801_1613','2017-08-01 15:14:06.958935');
INSERT INTO "django_migrations" VALUES(17,'home','0001_initial','2017-08-01 15:14:07.068310');
INSERT INTO "django_migrations" VALUES(18,'home','0002_post_date','2017-08-02 00:16:52.318250');
INSERT INTO "django_migrations" VALUES(19,'home','0003_auto_20170802_0138','2017-08-02 00:38:35.193250');
INSERT INTO "django_migrations" VALUES(20,'home','0004_friend','2017-08-02 14:29:16.468750');
INSERT INTO "django_migrations" VALUES(21,'home','0005_friend_current_user','2017-08-03 01:38:09.121625');
INSERT INTO "django_migrations" VALUES(22,'accounts','0004_userimage','2017-08-03 06:12:05.593750');
INSERT INTO "django_migrations" VALUES(23,'accounts','0005_auto_20170827_0123','2017-08-27 00:23:24.156250');
INSERT INTO "django_migrations" VALUES(24,'home','0006_blogpost','2017-09-04 15:19:44.218750');
INSERT INTO "django_migrations" VALUES(25,'blog','0001_initial','2017-09-05 23:56:32.234375');
INSERT INTO "django_migrations" VALUES(26,'home','0007_auto_20170906_0056','2017-09-05 23:56:32.359375');
INSERT INTO "django_migrations" VALUES(27,'blog','0002_auto_20170906_0101','2017-09-06 00:01:43.640625');
INSERT INTO "django_migrations" VALUES(28,'blog','0003_blogpost_image','2017-09-06 02:51:16.890625');
INSERT INTO "django_migrations" VALUES(29,'blog','0004_remove_blogpost_image','2017-09-06 02:52:26.156250');
INSERT INTO "django_migrations" VALUES(30,'blog','0005_auto_20170906_0409','2017-09-06 03:09:46.859375');
INSERT INTO "django_migrations" VALUES(31,'home','0008_blogpost','2017-09-11 05:19:51.375000');
INSERT INTO "django_migrations" VALUES(32,'home','0009_blogpost_image','2017-09-14 15:23:15.437500');
INSERT INTO "django_migrations" VALUES(33,'home','0010_auto_20170915_0240','2017-09-15 01:40:19.734375');
INSERT INTO "django_migrations" VALUES(34,'home','0011_blogpost_comments','2017-09-17 05:03:56.046875');
INSERT INTO "django_migrations" VALUES(35,'home','0012_remove_blogpost_comments','2017-09-18 01:14:26.296875');
INSERT INTO "django_migrations" VALUES(36,'home','0013_blogpost_comments','2017-09-18 01:43:58.656250');
INSERT INTO "django_migrations" VALUES(37,'home','0014_auto_20170918_0249','2017-09-18 01:49:40.437500');
INSERT INTO "django_migrations" VALUES(38,'home','0015_auto_20170918_0614','2017-09-18 05:14:41.453125');
INSERT INTO "django_migrations" VALUES(39,'home','0016_remove_comment_comment_body','2017-09-18 05:24:12.125000');
INSERT INTO "django_migrations" VALUES(40,'home','0017_auto_20170918_0625','2017-09-18 05:25:15.359375');
INSERT INTO "django_migrations" VALUES(41,'home','0018_auto_20170919_0255','2017-09-19 01:55:49.906250');
INSERT INTO "django_migrations" VALUES(42,'home','0019_auto_20170919_0307','2017-09-19 02:07:13.375000');
INSERT INTO "django_migrations" VALUES(43,'home','0020_auto_20170919_0311','2017-09-19 02:11:28.765625');
INSERT INTO "django_migrations" VALUES(44,'home','0021_auto_20170919_0340','2017-09-19 02:40:59.265625');
INSERT INTO "django_migrations" VALUES(45,'home','0022_auto_20170919_0536','2017-09-19 04:36:41.203125');
INSERT INTO "django_migrations" VALUES(46,'home','0023_comment_comment_body','2017-09-19 04:46:21.281250');
INSERT INTO "django_migrations" VALUES(47,'home','0024_auto_20170919_0655','2017-09-19 05:55:41.859375');
INSERT INTO "django_migrations" VALUES(48,'home','0025_auto_20170919_0709','2017-09-19 06:09:18.812500');
INSERT INTO "django_migrations" VALUES(49,'home','0026_auto_20170919_0710','2017-09-19 06:10:35.875000');
INSERT INTO "django_migrations" VALUES(50,'home','0027_auto_20170919_0744','2017-09-19 06:44:12.390625');
INSERT INTO "django_migrations" VALUES(51,'home','0028_auto_20170922_0258','2017-09-22 01:58:19.421875');
INSERT INTO "django_migrations" VALUES(52,'home','0028_auto_20171015_1836','2017-10-15 17:37:06.671875');
INSERT INTO "django_migrations" VALUES(53,'home','0029_auto_20171016_0616','2017-10-16 05:16:06.515625');
INSERT INTO "django_migrations" VALUES(54,'home','0030_auto_20171016_0719','2017-10-16 06:19:52.562500');
INSERT INTO "django_migrations" VALUES(55,'home','0031_auto_20171017_0233','2017-10-17 01:33:56.859375');
INSERT INTO "django_migrations" VALUES(56,'home','0032_auto_20171019_0454','2017-10-19 03:54:25.390625');
INSERT INTO "django_migrations" VALUES(57,'home','0029_blogpost_pub_date','2017-10-19 04:20:24.312500');
INSERT INTO "django_migrations" VALUES(58,'home','0030_remove_blogpost_pub_date','2017-10-23 00:45:58');
INSERT INTO "django_migrations" VALUES(59,'home','0031_blogpost_slug','2017-10-23 01:07:22.390625');
INSERT INTO "django_migrations" VALUES(60,'home','0032_auto_20171029_0152','2017-10-29 01:53:07.453125');
CREATE UNIQUE INDEX "auth_group_permissions_group_id_permission_id_0cd325b0_uniq" ON "auth_group_permissions" ("group_id", "permission_id");
CREATE INDEX IF NOT EXISTS "auth_group_permissions_group_id_b120cbf9" ON "auth_group_permissions" ("group_id");
CREATE INDEX IF NOT EXISTS "auth_group_permissions_permission_id_84c5c92e" ON "auth_group_permissions" ("permission_id");
CREATE UNIQUE INDEX "auth_user_groups_user_id_group_id_94350c0c_uniq" ON "auth_user_groups" ("user_id", "group_id");
CREATE INDEX IF NOT EXISTS "auth_user_groups_user_id_6a12ed8b" ON "auth_user_groups" ("user_id");
CREATE INDEX IF NOT EXISTS "auth_user_groups_group_id_97559544" ON "auth_user_groups" ("group_id");
CREATE UNIQUE INDEX "auth_user_user_permissions_user_id_permission_id_14a6b632_uniq" ON "auth_user_user_permissions" ("user_id", "permission_id");
CREATE INDEX IF NOT EXISTS "auth_user_user_permissions_user_id_a95ead1b" ON "auth_user_user_permissions" ("user_id");
CREATE INDEX IF NOT EXISTS "auth_user_user_permissions_permission_id_1fbb5f2c" ON "auth_user_user_permissions" ("permission_id");
CREATE INDEX IF NOT EXISTS "django_admin_log_content_type_id_c4bce8eb" ON "django_admin_log" ("content_type_id");
CREATE INDEX IF NOT EXISTS "django_admin_log_user_id_c564eba6" ON "django_admin_log" ("user_id");
CREATE UNIQUE INDEX "django_content_type_app_label_model_76bd3d3b_uniq" ON "django_content_type" ("app_label", "model");
CREATE UNIQUE INDEX "auth_permission_content_type_id_codename_01ab375a_uniq" ON "auth_permission" ("content_type_id", "codename");
CREATE INDEX IF NOT EXISTS "auth_permission_content_type_id_2f476e4b" ON "auth_permission" ("content_type_id");
CREATE INDEX IF NOT EXISTS "django_session_expire_date_a5c62663" ON "django_session" ("expire_date");
CREATE INDEX IF NOT EXISTS "home_post_user_id_4e975327" ON "home_post" ("user_id");
CREATE UNIQUE INDEX "home_friend_users_friend_id_user_id_ccea7aea_uniq" ON "home_friend_users" ("friend_id", "user_id");
CREATE INDEX IF NOT EXISTS "home_friend_users_friend_id_26bab69d" ON "home_friend_users" ("friend_id");
CREATE INDEX IF NOT EXISTS "home_friend_users_user_id_201ee81b" ON "home_friend_users" ("user_id");
CREATE INDEX IF NOT EXISTS "home_friend_current_user_id_a86fccfb" ON "home_friend" ("current_user_id");
CREATE INDEX IF NOT EXISTS "blog_blogpost_author_id_ffcc150f" ON "blog_blogpost" ("author_id");
CREATE INDEX IF NOT EXISTS "home_comment_comment_body_id_1f019a5f" ON "home_comment" ("comment_body_id");
CREATE INDEX IF NOT EXISTS "home_blogpost_author_id_74311485" ON "home_blogpost" ("author_id");
CREATE TABLE "django_session" ("session_key" varchar(40) NOT NULL PRIMARY KEY, "session_data" text NOT NULL, "expire_date" datetime NOT NULL);
INSERT INTO "django_session" VALUES('d5tyvf02vzm0bcfvmcj1srszqdplwq0c','YjliZTFmMDkwOWMzZmI4YWQyNDE2ZDAxODFjOTE4MTZjOTMyOGE4Mjp7Il9hdXRoX3VzZXJfaGFzaCI6ImJhZTYwYzVhYThhMjM2MTM1NDIxZjQxZWMyNTkwOGNhNTE0NzY1YjMiLCJfYXV0aF91c2VyX2JhY2tlbmQiOiJkamFuZ28uY29udHJpYi5hdXRoLmJhY2tlbmRzLk1vZGVsQmFja2VuZCIsIl9hdXRoX3VzZXJfaWQiOiIxIn0=','2017-08-19 20:19:22.781250');
INSERT INTO "django_session" VALUES('eo3a6oih6ixbz3ztrepwofjkg4qfo5lz','OGQzODEzZjIxM2EyMjk1MTFlNGM0Mzg1MmNkMjhhZDEyMGQ3NTFiMjp7Il9hdXRoX3VzZXJfaWQiOiIxIiwiX2F1dGhfdXNlcl9oYXNoIjoiODgwYWJjODMxNzEwN2MxYWQ0MDQxNWFmMDI2YmE3Y2ZlOTI2ZDRlNyIsIl9hdXRoX3VzZXJfYmFja2VuZCI6ImRqYW5nby5jb250cmliLmF1dGguYmFja2VuZHMuTW9kZWxCYWNrZW5kIn0=','2017-09-25 15:15:39.906250');
INSERT INTO "django_session" VALUES('df75kkb1cxzxsuogme7j7c6y9kkwgrr9','MzE2MWU2MzU1NDU2YmY5ODI4Nzg3MzFiYmFjODg4YjEwNjI0ZTUzNzp7Il9hdXRoX3VzZXJfaWQiOiIxIiwiX2F1dGhfdXNlcl9iYWNrZW5kIjoiZGphbmdvLmNvbnRyaWIuYXV0aC5iYWNrZW5kcy5Nb2RlbEJhY2tlbmQiLCJfYXV0aF91c2VyX2hhc2giOiI4ODBhYmM4MzE3MTA3YzFhZDQwNDE1YWYwMjZiYTdjZmU5MjZkNGU3In0=','2017-10-01 01:02:35.203125');
INSERT INTO "django_session" VALUES('h9z6xi0jrn24lqo4w2b309vpeyla36j0','NWYwMzRjYTUzYTk5MDBjOGI3ZGIwNTZmOTkyYzMzODA0ZDEyOTQ3Njp7Il9hdXRoX3VzZXJfYmFja2VuZCI6ImRqYW5nby5jb250cmliLmF1dGguYmFja2VuZHMuTW9kZWxCYWNrZW5kIiwiX2F1dGhfdXNlcl9oYXNoIjoiODNhZDhjMmFmYTI5NWQ1YWVlMGIyZjI0NWNlZGY4NTc0ODI2MDg4NCIsIl9hdXRoX3VzZXJfaWQiOiIxIn0=','2017-11-05 07:24:13.156250');
INSERT INTO "django_session" VALUES('oj2pj6cofocmp4ti1izbmyws96wnx5zo','MmI3NDU2MzAwZGRjNzgxNTkzMzM1ZTk2NDYyODQxZWYwMDFlZjA3OTp7Il9hdXRoX3VzZXJfaWQiOiIxIiwiX2F1dGhfdXNlcl9oYXNoIjoiODNhZDhjMmFmYTI5NWQ1YWVlMGIyZjI0NWNlZGY4NTc0ODI2MDg4NCIsIl9hdXRoX3VzZXJfYmFja2VuZCI6ImRqYW5nby5jb250cmliLmF1dGguYmFja2VuZHMuTW9kZWxCYWNrZW5kIn0=','2017-11-18 22:18:26.062500');
INSERT INTO "django_session" VALUES('p81yowbx90cmpbeqjwydabtt7nntdsb9','YmZhMTU3ZDljYzZhYzA3MDRmMzI4NzQwMmEwYjRhZjE0OTJhNmRiZjp7Il9hdXRoX3VzZXJfaWQiOiIxIiwiX2F1dGhfdXNlcl9iYWNrZW5kIjoiZGphbmdvLmNvbnRyaWIuYXV0aC5iYWNrZW5kcy5Nb2RlbEJhY2tlbmQiLCJfYXV0aF91c2VyX2hhc2giOiI4M2FkOGMyYWZhMjk1ZDVhZWUwYjJmMjQ1Y2VkZjg1NzQ4MjYwODg0In0=','2017-12-04 01:29:14.812500');
INSERT INTO "django_session" VALUES('nkwwq2t9bbfjnfaivzadus2zq9um6j9o','YmZhMTU3ZDljYzZhYzA3MDRmMzI4NzQwMmEwYjRhZjE0OTJhNmRiZjp7Il9hdXRoX3VzZXJfaWQiOiIxIiwiX2F1dGhfdXNlcl9iYWNrZW5kIjoiZGphbmdvLmNvbnRyaWIuYXV0aC5iYWNrZW5kcy5Nb2RlbEJhY2tlbmQiLCJfYXV0aF91c2VyX2hhc2giOiI4M2FkOGMyYWZhMjk1ZDVhZWUwYjJmMjQ1Y2VkZjg1NzQ4MjYwODg0In0=','2017-12-17 05:42:40.121295');
INSERT INTO "django_session" VALUES('bw2s2ju53tgndcgi509q25swez6xubk5','YmZhMTU3ZDljYzZhYzA3MDRmMzI4NzQwMmEwYjRhZjE0OTJhNmRiZjp7Il9hdXRoX3VzZXJfaWQiOiIxIiwiX2F1dGhfdXNlcl9iYWNrZW5kIjoiZGphbmdvLmNvbnRyaWIuYXV0aC5iYWNrZW5kcy5Nb2RlbEJhY2tlbmQiLCJfYXV0aF91c2VyX2hhc2giOiI4M2FkOGMyYWZhMjk1ZDVhZWUwYjJmMjQ1Y2VkZjg1NzQ4MjYwODg0In0=','2017-12-26 06:32:22.174954');
INSERT INTO "django_session" VALUES('bkiknauw42gkz9p6pblhdsde3b8i9qbx','YmZhMTU3ZDljYzZhYzA3MDRmMzI4NzQwMmEwYjRhZjE0OTJhNmRiZjp7Il9hdXRoX3VzZXJfaWQiOiIxIiwiX2F1dGhfdXNlcl9iYWNrZW5kIjoiZGphbmdvLmNvbnRyaWIuYXV0aC5iYWNrZW5kcy5Nb2RlbEJhY2tlbmQiLCJfYXV0aF91c2VyX2hhc2giOiI4M2FkOGMyYWZhMjk1ZDVhZWUwYjJmMjQ1Y2VkZjg1NzQ4MjYwODg0In0=','2017-12-26 06:41:45.349937');
INSERT INTO "django_session" VALUES('j5lrn3ku0dn9141oto2r64j22e4532y4','YmZhMTU3ZDljYzZhYzA3MDRmMzI4NzQwMmEwYjRhZjE0OTJhNmRiZjp7Il9hdXRoX3VzZXJfaWQiOiIxIiwiX2F1dGhfdXNlcl9iYWNrZW5kIjoiZGphbmdvLmNvbnRyaWIuYXV0aC5iYWNrZW5kcy5Nb2RlbEJhY2tlbmQiLCJfYXV0aF91c2VyX2hhc2giOiI4M2FkOGMyYWZhMjk1ZDVhZWUwYjJmMjQ1Y2VkZjg1NzQ4MjYwODg0In0=','2018-01-15 04:38:02.788058');
INSERT INTO "django_session" VALUES('m9minqj0wsg18yarcoz9oefi3t53zl2k','YmZhMTU3ZDljYzZhYzA3MDRmMzI4NzQwMmEwYjRhZjE0OTJhNmRiZjp7Il9hdXRoX3VzZXJfaWQiOiIxIiwiX2F1dGhfdXNlcl9iYWNrZW5kIjoiZGphbmdvLmNvbnRyaWIuYXV0aC5iYWNrZW5kcy5Nb2RlbEJhY2tlbmQiLCJfYXV0aF91c2VyX2hhc2giOiI4M2FkOGMyYWZhMjk1ZDVhZWUwYjJmMjQ1Y2VkZjg1NzQ4MjYwODg0In0=','2018-02-09 05:11:55.071911');
INSERT INTO "django_session" VALUES('5sf2755chnpl2ry71xuso4hm03f2udbq','YmZhMTU3ZDljYzZhYzA3MDRmMzI4NzQwMmEwYjRhZjE0OTJhNmRiZjp7Il9hdXRoX3VzZXJfaWQiOiIxIiwiX2F1dGhfdXNlcl9iYWNrZW5kIjoiZGphbmdvLmNvbnRyaWIuYXV0aC5iYWNrZW5kcy5Nb2RlbEJhY2tlbmQiLCJfYXV0aF91c2VyX2hhc2giOiI4M2FkOGMyYWZhMjk1ZDVhZWUwYjJmMjQ1Y2VkZjg1NzQ4MjYwODg0In0=','2018-02-09 05:55:12.120285');
INSERT INTO "django_session" VALUES('kwywl5zza7c46uyq0cl09j16wc1nizi9','YmZhMTU3ZDljYzZhYzA3MDRmMzI4NzQwMmEwYjRhZjE0OTJhNmRiZjp7Il9hdXRoX3VzZXJfaWQiOiIxIiwiX2F1dGhfdXNlcl9iYWNrZW5kIjoiZGphbmdvLmNvbnRyaWIuYXV0aC5iYWNrZW5kcy5Nb2RlbEJhY2tlbmQiLCJfYXV0aF91c2VyX2hhc2giOiI4M2FkOGMyYWZhMjk1ZDVhZWUwYjJmMjQ1Y2VkZjg1NzQ4MjYwODg0In0=','2018-02-09 16:12:49.413900');
INSERT INTO "django_session" VALUES('cu01vt9alp0qzxbykjpdvqk0qsykflpk','YmZhMTU3ZDljYzZhYzA3MDRmMzI4NzQwMmEwYjRhZjE0OTJhNmRiZjp7Il9hdXRoX3VzZXJfaWQiOiIxIiwiX2F1dGhfdXNlcl9iYWNrZW5kIjoiZGphbmdvLmNvbnRyaWIuYXV0aC5iYWNrZW5kcy5Nb2RlbEJhY2tlbmQiLCJfYXV0aF91c2VyX2hhc2giOiI4M2FkOGMyYWZhMjk1ZDVhZWUwYjJmMjQ1Y2VkZjg1NzQ4MjYwODg0In0=','2018-02-10 18:56:18.537376');
INSERT INTO "django_session" VALUES('v0iw8l9t5iwewbguojvyckdowjifwuue','YmZhMTU3ZDljYzZhYzA3MDRmMzI4NzQwMmEwYjRhZjE0OTJhNmRiZjp7Il9hdXRoX3VzZXJfaWQiOiIxIiwiX2F1dGhfdXNlcl9iYWNrZW5kIjoiZGphbmdvLmNvbnRyaWIuYXV0aC5iYWNrZW5kcy5Nb2RlbEJhY2tlbmQiLCJfYXV0aF91c2VyX2hhc2giOiI4M2FkOGMyYWZhMjk1ZDVhZWUwYjJmMjQ1Y2VkZjg1NzQ4MjYwODg0In0=','2018-02-10 20:18:39.650404');
INSERT INTO "django_session" VALUES('cpnu7eh3sgsp7kit7s1ywdj2xmtyckbo','YmZhMTU3ZDljYzZhYzA3MDRmMzI4NzQwMmEwYjRhZjE0OTJhNmRiZjp7Il9hdXRoX3VzZXJfaWQiOiIxIiwiX2F1dGhfdXNlcl9iYWNrZW5kIjoiZGphbmdvLmNvbnRyaWIuYXV0aC5iYWNrZW5kcy5Nb2RlbEJhY2tlbmQiLCJfYXV0aF91c2VyX2hhc2giOiI4M2FkOGMyYWZhMjk1ZDVhZWUwYjJmMjQ1Y2VkZjg1NzQ4MjYwODg0In0=','2018-02-10 20:32:37.356211');
INSERT INTO "django_session" VALUES('przyko0xchj21b98pkcnmu8kf8xptbvg','YmZhMTU3ZDljYzZhYzA3MDRmMzI4NzQwMmEwYjRhZjE0OTJhNmRiZjp7Il9hdXRoX3VzZXJfaWQiOiIxIiwiX2F1dGhfdXNlcl9iYWNrZW5kIjoiZGphbmdvLmNvbnRyaWIuYXV0aC5iYWNrZW5kcy5Nb2RlbEJhY2tlbmQiLCJfYXV0aF91c2VyX2hhc2giOiI4M2FkOGMyYWZhMjk1ZDVhZWUwYjJmMjQ1Y2VkZjg1NzQ4MjYwODg0In0=','2018-02-11 16:47:12.840863');
INSERT INTO "django_session" VALUES('8w9bj4np4pl9wlsw1khudtrrhe6ckiz2','YmZhMTU3ZDljYzZhYzA3MDRmMzI4NzQwMmEwYjRhZjE0OTJhNmRiZjp7Il9hdXRoX3VzZXJfaWQiOiIxIiwiX2F1dGhfdXNlcl9iYWNrZW5kIjoiZGphbmdvLmNvbnRyaWIuYXV0aC5iYWNrZW5kcy5Nb2RlbEJhY2tlbmQiLCJfYXV0aF91c2VyX2hhc2giOiI4M2FkOGMyYWZhMjk1ZDVhZWUwYjJmMjQ1Y2VkZjg1NzQ4MjYwODg0In0=','2018-02-11 20:24:32.289416');
INSERT INTO "django_session" VALUES('yqbuhlu7g16qobngmbl7slq09fxhbb12','YmZhMTU3ZDljYzZhYzA3MDRmMzI4NzQwMmEwYjRhZjE0OTJhNmRiZjp7Il9hdXRoX3VzZXJfaWQiOiIxIiwiX2F1dGhfdXNlcl9iYWNrZW5kIjoiZGphbmdvLmNvbnRyaWIuYXV0aC5iYWNrZW5kcy5Nb2RlbEJhY2tlbmQiLCJfYXV0aF91c2VyX2hhc2giOiI4M2FkOGMyYWZhMjk1ZDVhZWUwYjJmMjQ1Y2VkZjg1NzQ4MjYwODg0In0=','2018-02-12 16:20:43.150710');
INSERT INTO "django_session" VALUES('gynl6ikr2csr9gazotrulmtjlm6uwj21','YmZhMTU3ZDljYzZhYzA3MDRmMzI4NzQwMmEwYjRhZjE0OTJhNmRiZjp7Il9hdXRoX3VzZXJfaWQiOiIxIiwiX2F1dGhfdXNlcl9iYWNrZW5kIjoiZGphbmdvLmNvbnRyaWIuYXV0aC5iYWNrZW5kcy5Nb2RlbEJhY2tlbmQiLCJfYXV0aF91c2VyX2hhc2giOiI4M2FkOGMyYWZhMjk1ZDVhZWUwYjJmMjQ1Y2VkZjg1NzQ4MjYwODg0In0=','2018-02-13 05:31:43.562524');
INSERT INTO "django_session" VALUES('detc0f08az9n3t79kns3mhfut2wf9tgv','YmZhMTU3ZDljYzZhYzA3MDRmMzI4NzQwMmEwYjRhZjE0OTJhNmRiZjp7Il9hdXRoX3VzZXJfaWQiOiIxIiwiX2F1dGhfdXNlcl9iYWNrZW5kIjoiZGphbmdvLmNvbnRyaWIuYXV0aC5iYWNrZW5kcy5Nb2RlbEJhY2tlbmQiLCJfYXV0aF91c2VyX2hhc2giOiI4M2FkOGMyYWZhMjk1ZDVhZWUwYjJmMjQ1Y2VkZjg1NzQ4MjYwODg0In0=','2018-02-14 06:37:25.318718');
INSERT INTO "django_session" VALUES('tu02c7oili0i1d7cz2tuq1k975um57dh','YmZhMTU3ZDljYzZhYzA3MDRmMzI4NzQwMmEwYjRhZjE0OTJhNmRiZjp7Il9hdXRoX3VzZXJfaWQiOiIxIiwiX2F1dGhfdXNlcl9iYWNrZW5kIjoiZGphbmdvLmNvbnRyaWIuYXV0aC5iYWNrZW5kcy5Nb2RlbEJhY2tlbmQiLCJfYXV0aF91c2VyX2hhc2giOiI4M2FkOGMyYWZhMjk1ZDVhZWUwYjJmMjQ1Y2VkZjg1NzQ4MjYwODg0In0=','2018-02-14 16:04:51.702647');
INSERT INTO "django_session" VALUES('80e1kjkjurr4bs2rb1ltf99ug0apblmb','NmEwNGI2MjExMTkyZWYxYmI5ZWQ0MmVhYzhkM2Y4MDRkY2ZhYmNlZjp7Il9hdXRoX3VzZXJfaWQiOiI1OCIsIl9hdXRoX3VzZXJfYmFja2VuZCI6ImRqYW5nby5jb250cmliLmF1dGguYmFja2VuZHMuTW9kZWxCYWNrZW5kIiwiX2F1dGhfdXNlcl9oYXNoIjoiZjcyZDRlZGU3YzRhM2M0ZDhmMGIwNjVlY2UwNDBmN2M3ZjRhNGQyYSJ9','2018-02-24 20:51:23.267047');
INSERT INTO "django_session" VALUES('2c2bbh9fmmbpikyrq5ll6k0vxzjicc25','NmEwNGI2MjExMTkyZWYxYmI5ZWQ0MmVhYzhkM2Y4MDRkY2ZhYmNlZjp7Il9hdXRoX3VzZXJfaWQiOiI1OCIsIl9hdXRoX3VzZXJfYmFja2VuZCI6ImRqYW5nby5jb250cmliLmF1dGguYmFja2VuZHMuTW9kZWxCYWNrZW5kIiwiX2F1dGhfdXNlcl9oYXNoIjoiZjcyZDRlZGU3YzRhM2M0ZDhmMGIwNjVlY2UwNDBmN2M3ZjRhNGQyYSJ9','2018-03-22 04:17:06.983017');
CREATE UNIQUE INDEX "auth_group_permissions_group_id_permission_id_0cd325b0_uniq" ON "auth_group_permissions" ("group_id", "permission_id");
CREATE INDEX IF NOT EXISTS "auth_group_permissions_group_id_b120cbf9" ON "auth_group_permissions" ("group_id");
CREATE INDEX IF NOT EXISTS "auth_group_permissions_permission_id_84c5c92e" ON "auth_group_permissions" ("permission_id");
CREATE UNIQUE INDEX "auth_user_groups_user_id_group_id_94350c0c_uniq" ON "auth_user_groups" ("user_id", "group_id");
CREATE INDEX IF NOT EXISTS "auth_user_groups_user_id_6a12ed8b" ON "auth_user_groups" ("user_id");
CREATE INDEX IF NOT EXISTS "auth_user_groups_group_id_97559544" ON "auth_user_groups" ("group_id");
CREATE UNIQUE INDEX "auth_user_user_permissions_user_id_permission_id_14a6b632_uniq" ON "auth_user_user_permissions" ("user_id", "permission_id");
CREATE INDEX IF NOT EXISTS "auth_user_user_permissions_user_id_a95ead1b" ON "auth_user_user_permissions" ("user_id");
CREATE INDEX IF NOT EXISTS "auth_user_user_permissions_permission_id_1fbb5f2c" ON "auth_user_user_permissions" ("permission_id");
CREATE INDEX IF NOT EXISTS "django_admin_log_content_type_id_c4bce8eb" ON "django_admin_log" ("content_type_id");
CREATE INDEX IF NOT EXISTS "django_admin_log_user_id_c564eba6" ON "django_admin_log" ("user_id");
CREATE UNIQUE INDEX "django_content_type_app_label_model_76bd3d3b_uniq" ON "django_content_type" ("app_label", "model");
CREATE UNIQUE INDEX "auth_permission_content_type_id_codename_01ab375a_uniq" ON "auth_permission" ("content_type_id", "codename");
CREATE INDEX IF NOT EXISTS "auth_permission_content_type_id_2f476e4b" ON "auth_permission" ("content_type_id");
CREATE INDEX IF NOT EXISTS "django_session_expire_date_a5c62663" ON "django_session" ("expire_date");
CREATE INDEX IF NOT EXISTS "home_post_user_id_4e975327" ON "home_post" ("user_id");
CREATE UNIQUE INDEX "home_friend_users_friend_id_user_id_ccea7aea_uniq" ON "home_friend_users" ("friend_id", "user_id");
CREATE INDEX IF NOT EXISTS "home_friend_users_friend_id_26bab69d" ON "home_friend_users" ("friend_id");
CREATE INDEX IF NOT EXISTS "home_friend_users_user_id_201ee81b" ON "home_friend_users" ("user_id");
CREATE INDEX IF NOT EXISTS "home_friend_current_user_id_a86fccfb" ON "home_friend" ("current_user_id");
CREATE INDEX IF NOT EXISTS "blog_blogpost_author_id_ffcc150f" ON "blog_blogpost" ("author_id");
CREATE INDEX IF NOT EXISTS "home_comment_comment_body_id_1f019a5f" ON "home_comment" ("comment_body_id");
CREATE INDEX IF NOT EXISTS "home_blogpost_author_id_74311485" ON "home_blogpost" ("author_id");
CREATE TABLE "home_blogpost" ("id" integer NOT NULL PRIMARY KEY AUTOINCREMENT, "title" varchar(64) NOT NULL, "date" datetime NOT NULL, "body" text NOT NULL, "author_id" integer NOT NULL REFERENCES "auth_user" ("id"), "pic" varchar(100) NOT NULL, "slug" varchar(50) NULL UNIQUE);
INSERT INTO "home_blogpost" VALUES(1,'Static vs Media Files','2017-09-11 05:28:53','<p><span style="font-size:18px"><span style="font-family:Montserrat">Static files are those that are used in the creation of the website, for example css and javascripts files.&nbsp;</span></span></p>

<p><span style="font-size:18px"><span style="font-family:Montserrat">Media files are those that are uploaded by users during the normal usage of the website&nbsp;for example images and videos.</span></span></p>

<p><span style="font-size:18px"><span style="font-family:Montserrat">For the media files we just need to point django to the directory which will hold our user uploaded media files </span></span></p>

<pre>
<code class="language-python">MEDIA_ROOT = os.path.join(BASE_DIR, ''tutorial/media'') </code></pre>

<p><span style="font-size:18px"><span style="font-family:Montserrat">This means my MEDIA_ROOT is inside of the tutorial folder which is a subdirectory of my project root folder. </span></span><span style="font-size:18px"><span style="font-family:Montserrat">Then we just need to specify the relative browser URL for accessing our media files in the browser </span></span></p>

<pre>
<code class="language-python">MEDIA_URL = ''/media/''</code></pre>

<p><span style="font-size:18px"><span style="font-family:Montserrat">To enable our media files to be served add these to urls.py&nbsp;</span></span></p>

<pre>
<code class="language-python">urlpatterns = [
    ...
    ]+ static(settings.MEDIA_URL, document_root=settings.MEDIA_ROOT)po</code></pre>

<p><span style="font-size:18px"><span style="font-family:Montserrat">Similarly for static files :</span></span></p>

<pre>
<code class="language-python">STATIC_ROOT = os.path.join(BASE_DIR, ''accounts/static'')

STATIC_URL = ''/static/''</code></pre>

<p><span style="font-family:Montserrat"><span style="font-size:18px">A useful command for static files is <code>python manage.py collectstatic</code> which will collect static files into STATIC_ROOT directory which is handy if you are working with many django applications at once and there are many static files scattered everywhere.&nbsp;</span></span></p>

<p>&nbsp;</p>

<p>&nbsp;</p>

<p>&nbsp;</p>

<p>&nbsp;</p>',53,'profile_image/halo_pc.jpg','static-vs-media-files');
INSERT INTO "home_blogpost" VALUES(2,'aewfrtgreyh5ey','2017-09-12 02:01:28','<p>eragthjthjtha</p>',1,'profile_image/ut2004_W81nNfr.jpg','aewfrtgreyh5ey');
INSERT INTO "home_blogpost" VALUES(3,'AutoSlugField','2017-09-12 04:43:42','<p><span style="font-size:18px"><span style="font-family:Montserrat">A slug is a class of objects, each object containing letters, numbers, underscores or hyphens. They are found in URL&#39;s&nbsp;</span></span></p>

<pre>
<code class="language-html">www.example.com/article/the-one-and-only</code></pre>

<p><span style="font-size:18px"><span style="font-family:Montserrat">The slug here is the object <tt>the-one-and-only</tt>. The reason for using a slug is because URL&#39;s do not accept spaces, so we usually replace the spaces with hypens. Lets take a look at how we can autogenerate this slug from the title of our BlogPost model.</span></span></p>

<p><span style="font-size:18px"><span style="font-family:Montserrat">If we have a model&nbsp;</span></span></p>

<pre>
<code class="language-python">class BlogPost(models.Model):
    pic = models.ImageField(upload_to= ''profile_image'', blank=True)
    title = models.CharField(max_length=64)
    date = models.DateTimeField(auto_now_add=True)
    author = models.ForeignKey(User)
    body = RichTextField(config_name=''awesome_ckeditor'')</code></pre>

<p><span style="font-size:18px"><span style="font-family:Montserrat">and we have registed it in admin.py</span></span></p>

<pre>
<code class="language-python">admin.site.register(BlogPost)</code></pre>

<p><span style="font-size:18px"><span style="font-family:Montserrat">Then our admin will look something like this</span></span></p>

<p><img alt="" src="/media/Screenshots/admin.png" style="height:338px; width:600px" /></p>

<p><span style="font-size:18px"><span style="font-family:Montserrat">If we enter the title &quot;The&nbsp;New Dawn&quot;, we want the URL</span></span></p>

<pre>
<code class="language-html">www.example.com/article/The-New-Dawn</code></pre>

<p><span style="font-size:18px"><span style="font-family:Montserrat">Add this field to our model&nbsp;</span></span></p>

<pre>
<code class="language-python">slug = AutoSlugField(null=True, default=None,overwrite=True, unique=True, populate_from=''title'')</code></pre>

<p><span style="font-size:18px"><span style="font-family:Montserrat">add the following in <code>models.py</code></span></span></p>

<pre>
<code class="language-python">from django_extensions.db.fields import AutoSlugField</code></pre>

<p><span style="font-size:18px"><span style="font-family:Montserrat">I had to include</span>&nbsp;<tt>overwrite = True</tt> <span style="font-family:Montserrat">in the fields parameters as I added the autoslugfield halfway through my project. This meant that&nbsp;if I thought of a better title for my blogpost and had to change it, the old title was still being used.</span></span></p>

<p><span style="font-size:18px"><span style="font-family:Montserrat">You will need to make sure you have a slug object included in your url pattern for example</span></span></p>

<pre>
<code class="language-python">urlpatterns =[
    ...
    url(r''^blog/(?P&lt;year&gt;[0-9]{4})/(?P&lt;month&gt;[0-9]{1,2})/(?P&lt;day&gt;[0-9]{1,2})/(?P&lt;slug&gt;[-\w]+)/$'', BlogPostView.as_view(),name = ''view_blogpost_with_pk''),
  ...
]</code></pre>

<p>&nbsp;</p>',1,'profile_image/tekken_GKAxAUD.jpg','autoslugfield');
INSERT INTO "home_blogpost" VALUES(4,'Git','2017-10-01 03:14:26.375000','<p><span style="font-size:18px"><span style="font-family:Montserrat">Git is the technology that is used to sync&nbsp;code&nbsp;with remote servers. GitHub uses this technology and we can sync our code with their remote servers. This means that we have a &quot;snapshot&quot; of our code at any point in time which is important so we can make changes to our code without worrying about losing it&#39;s previous state. </span></span></p>

<p><span style="color:#999999"><em><span style="font-size:24px"><span style="font-family:Montserrat">REPOSITORY</span></span></em></span></p>

<p><span style="font-size:18px"><span style="font-family:Montserrat">We need to create a remote repository(on the GitHub server)&nbsp;by creating an account on GitHub and a local repository(which lives in your computer). We can then sync our code.</span></span></p>

<p><span style="font-size:18px"><span style="font-family:Montserrat">A git repository contains a set of commit objects and a references to these commit objects called heads. The Git repository is a subdirectory called .git of your project folder. To initialize the repository in cmd go to your project folder then type</span></span></p>

<pre>
<code class="language-bash">git init</code></pre>

<p><span style="font-size:18px"><span style="font-family:Montserrat">You can see if the status of your repository has changed. Add any file to your project directory and then in CMD</span></span></p>

<pre>
<code class="language-bash">git status</code></pre>

<p><span style="font-size:18px"><span style="font-family:Montserrat">You should see that you have some &quot;untracked files&quot;. To add these files type <code>git add filename</code>. Now git will be tracking this file. Type <code>git status</code> again and you will see the file you have added and which is now being tracked by Git is in the staging area but NOT in our repository yet as we have not committed yet. </span></span></p>

<p><span style="color:#999999"><em><span style="font-size:24px"><span style="font-family:Montserrat">COMMIT OBJECTS</span></span></em></span></p>

<p><span style="font-size:18px"><span style="font-family:Montserrat">As mentioned, these objects are a snapshot of your files at one point in time. The commit objects also have references to parent commit objects as well as an SHA name, a 40-character string that uniquely identifies the commit object. The name is composed of a hash of relevant aspects of the commit, so identical commits will always have the same name.</span></span></p>

<p><span style="font-size:18px"><span style="font-family:Montserrat">Remember our repository is still empty, we have added these files to the staging area and they are being by tracked by GIT but they have not been committed yet. To commit these files so that they appear in our repository</span></span></p>

<pre>
<code class="language-bash">git commit-m "message"</code></pre>

<p><span style="font-size:18px"><span style="font-family:Montserrat">We can write a short informative message with our commit.&nbsp;</span></span></p>

<p><span style="font-size:18px"><span style="font-family:Montserrat">As a shortcut, <tt>git commit -a</tt> will automatically add all modified files (but not new ones).&nbsp;Note that if you modify a file but do not add it, then Git will include the previous version (before modifications) to the commit. The modified file will remain in place.</span></span></p>

<p><span style="color:#999999"><em><span style="font-size:24px"><span style="font-family:Montserrat">HEADS</span></span></em></span></p>

<p><span style="font-size:18px"><span style="font-family:Montserrat">A&nbsp;head&nbsp;is simply a reference to a commit object. Each head has a name. By default, there is a head in every repository called&nbsp;<em>master</em>. A repository can contain any number of heads. At any given time, one head is selected as the &ldquo;current head.&rdquo; This head is aliased to <em>HEAD</em>, always in capitals.</span></span></p>

<p><span style="font-size:18px"><span style="font-family:Montserrat">Note this difference: a &ldquo;head&rdquo; (lowercase) refers to any one of the named heads in the repository; &ldquo;<em>HEAD</em>&rdquo; (uppercase) refers exclusively to the currently active head. This distinction is used frequently in Git documentation.</span></span></p>

<p><em><span style="color:#999999"><span style="font-size:24px"><span style="font-family:Montserrat">BRANCHES</span></span></span></em></p>

<p><span style="font-size:18px"><span style="font-family:Montserrat">When you create a branch in your project, you&#39;re creating an environment where you can try out new ideas. Changes you make on a branch don&#39;t affect the&nbsp;<code>master</code>&nbsp;branch, so you&#39;re free to experiment and commit changes, safe in the knowledge that your branch won&#39;t be merged until it&#39;s ready to be reviewed by someone you&#39;re collaborating with.</span></span></p>

<p><span style="font-size:18px"><span style="font-family:Montserrat">Create a GitHub account and then lets create an empty remote repository at the URL(remote repo home)</span></span></p>

<pre>
<code class="language-bash">git remote add origin https://github.com/x/y</code></pre>

<p><span style="color:#999999"><em><span style="font-size:24px"><span style="font-family:Montserrat">PUSH</span></span></em></span></p>

<p><span style="font-size:18px"><span style="font-family:Montserrat">The push command tells Git where to put our commits when we&#39;re ready, and now we&#39;re ready. So let&#39;s push our local changes to our&nbsp;<strong>origin</strong>&nbsp;repo (on GitHub).</span></span></p>

<p><span style="font-size:18px"><span style="font-family:Montserrat">The name of our remote is&nbsp;<code>origin</code>&nbsp;and the default local branch name is&nbsp;<code>master</code>. The&nbsp;<code>-u</code>&nbsp;tells Git to remember the parameters, so that next time we can simply run&nbsp;<code>git push</code>&nbsp;and Git will know what to do.&nbsp;</span></span></p>

<pre>
<code class="language-bash">git push -u origin master</code></pre>

<p><span style="font-size:18px"><span style="font-family:Montserrat">Now our local project is synced with GitHub&#39;s remote server.</span></span></p>

<p><em><span style="font-size:24px"><span style="color:#999999"><span style="font-family:Montserrat">USEFUL COMMANDS</span></span></span></em></p>

<p><span style="font-size:18px"><code>git log</code>&nbsp;<span style="font-family:Montserrat">shows a log of all commits starting from&nbsp;<em>HEAD</em>&nbsp;back to the initial commit.</span></span></p>

<p><span style="font-size:18px"><code>git diff</code> <span style="font-family:Montserrat">shows the diff between&nbsp;<em>HEAD</em>&nbsp;and the current project state.</span></span></p>

<p><span style="font-size:18px"><span style="font-family:Montserrat"><code>git add&nbsp;&#39;*.txt&#39;</code> adds all <code>.txt</code> files to the staging area.</span></span></p>

<p><span style="font-size:18px"><span style="font-family:Montserrat"><code>git pull origin master</code> pulls down any new changes made by other people working on our project.</span></span></p>

<p><span style="font-size:18px"><span style="font-family:Montserrat"><code>git reset</code> used to remove files from the staging area. Suppose we added a file using&nbsp;<code>git add catlover.txt</code>&nbsp;then to remove them from the staging area we can type <code>git reset catlover.txt</code>. Notice that this doesn&#39;t completely remove the file, if you want to go back to a previous state of your project use the command below.</span></span></p>

<p><span style="font-size:18px"><code>git checkout --&nbsp;filename</code> <span style="font-family:Montserrat">can be used to go back to the state of a previous commit. For example if we added some files and commited them, then we wanted to go back to the state of the project, we can reference the name of a file at a particular point in the past of a project and using the checkout command we can go back to that previous state.</span></span></p>

<p><span style="font-size:18px"><span style="font-family:Montserrat"><code>git branch newbranchname</code>.&nbsp;When developers are working on a feature or bug they&#39;ll often create a copy (aka.&nbsp;<code>branch</code>) of their code they can make separate commits to. Then when they&#39;re done they can merge this branch back into their main&nbsp;<code>master</code>&nbsp;branch.</span></span></p>

<p><span style="font-size:18px"><span style="font-family:Montserrat"><code>git checkout &lt;branch&gt;</code>. This will put your project onto branch of project required. From the above example <code>git checkout newbranchname</code> will put you on the newbranchname branch. To go back to master <code>git checkout master</code></span></span></p>

<p><span style="font-size:18px"><code>git rm &#39;*.txt&#39;</code>. <span style="font-family:Montserrat">To stage removal of&nbsp;all .txt files. Remember you still need to commit these changes to remove them completely from the local repository and push the changes to the remote server.</span></span></p>

<p><span style="font-size:18px"><code>git merge newbranchname</code>. <span style="font-family:Montserrat">If you are on master branch have made some changes and want to merge the changes from newbranchname to master use this command. To delete the old branch use <code>git branch -d newbranchname</code></span></span></p>',53,'profile_image/honda-nsx-3-0-204288536-1_AvtV4Qh.jpg','git');
INSERT INTO "home_blogpost" VALUES(6,'Virtualenv','2017-10-19 15:26:00.843750','<p><span style="font-size:18px"><span style="font-family:Montserrat">It is important to know the difference between system(global)&nbsp;packages and site packages. </span></span></p>

<p><span style="font-size:18px"><span style="font-family:Montserrat">System or global packages&nbsp;are those that come with your original python installation typically containing</span> <span style="font-family:Montserrat"><code>pip</code>, <code>setuptools</code> and <code>wheel </code>whereas site packages are third party libraries which you have installed for specific projects.</span></span></p>

<p><span style="font-size:18px"><span style="font-family:Montserrat">To find where python is installed on Windows 10 in cmd&nbsp;</span></span></p>

<pre>
<code class="language-bash">&gt; where python
C:\Users\Muhammad\Projects\tutorial\Scripts\python.exe
C:\Users\Muhammad\AppData\Local\Programs\Python\Python36-32\python.exe</code></pre>

<p><span style="font-size:18px"><span style="font-family:Montserrat">which on my system is installed in two locations. The global installation</span></span></p>

<pre>
<code class="language-bash">C:\Users\Muhammad\AppData\Local\Programs\Python\Python36-32\python.exe</code></pre>

<p><span style="font-size:18px"><span style="font-family:Montserrat">and the python installation in the virtual environment</span></span></p>

<pre>
<code class="language-bash">C:\Users\Muhammad\Projects\tutorial\Scripts\python.exe</code></pre>

<p><span style="font-size:18px"><span style="font-family:Montserrat">If you install <code>Pillow</code> globally then python will access <code>Pillow</code> from system packages and since python finds it hard to differentiate between different versions of the same package for some interesting reasons,&nbsp;it cannot differentiate between for example&nbsp;<code>Pillow 1.7.8</code> and <code>Pillow 5.0.0</code>. This can be a problem if one project depends on a specific version of <code>Pillow</code>.&nbsp;</span></span></p>

<p><span style="font-size:18px"><span style="font-family:Montserrat">Specifically, it is something in the API of the <code>Pillow</code>&nbsp;library which has&nbsp;<em>changed</em>&nbsp;between the previous version and the one we just upgraded to. It might only be a small change, but it means our code no longer uses the library correctly. Everything is broken!</span></span></p>

<p><span style="font-size:18px"><span style="font-family:Montserrat">The solution for this is to use a virtual environment for every project. This means you have an isolated environment with a&nbsp;fresh installation of python and it&#39;s dependencies for every project. This is necessary as every project will have different requirements.</span></span></p>

<p><span style="color:#999999"><em><span style="font-size:24px"><span style="font-family:Montserrat">INSTALLATION AND USAGE</span></span></em></span></p>

<p><span style="font-size:18px"><span style="font-family:Montserrat">In CMD</span></span></p>

<pre>
<code class="language-python">pip install virtualenv</code></pre>

<p><span style="font-size:18px"><span style="font-family:Montserrat">Create your project directory and inside it create a virtual environtment using the command</span></span></p>

<pre>
<code class="language-bash">virtualenv projectname</code></pre>

<p><span style="font-size:18px"><span style="font-family:Montserrat">This command will create a directory that contains a complete copy of everything needed to run a Python program,&nbsp;including a copy of the python binary itself, a copy of the entire Python standard library, a copy of the pip installer, and (crucially) a copy of the site-packages directory mentioned above.It will install the package into the site-packages directory inside the virtualenv directory.&nbsp;You can then use it in your program just as before.</span></span></p>

<p><span style="font-size:18px"><span style="font-family:Montserrat">To enter the virtual environment we need to activate it. The script to activate the environment can be found in the Scripts folder, so navigate to the Scripts folder and type</span>&nbsp;<code>activate</code>. <span style="font-family:Montserrat">Thats all now you should have the name of your virtualenv in brackets as shown above. To escape the environment type</span> <code>deactivate</code>.</span></p>

<p><span style="font-size:18px"><span style="font-family:Montserrat">Here is an example of how to activate a virtual environment&nbsp;</span></span></p>

<p><img alt="" src="/media/Screenshots/cnem.png" style="height:375px; width:658px" /></p>

<p><span style="font-size:18px"><span style="font-family:Montserrat">First I am&nbsp;in the Scripts folder where my virtualenv package lives. Then I activate the virtual environment and go backto my project folder and run the server. To leave the virtual environment just type deactivate.</span></span></p>',46,'profile_image/qlive.jpg','virtualenv');
INSERT INTO "home_blogpost" VALUES(9,'Django CKEditor','2018-01-16 06:20:29.149583','<p><span style="font-size:18px"><span style="font-family:Montserrat">CKEditor offers an alternative to the default django admin for creating and editing content. It is a WYSIWYG(What You See Is What You Get) editor which offers document, article and inline editing which caters to the needs of different users. In this post we will look at a basic setup so that you can start writing blogposts. It is recommended to use the inline editor as it allows you to edit any element on the page in-place for a true WYSIWYG experience.</span></span></p>

<p><span style="color:#999999"><span style="font-size:24px"><em><span style="font-family:Montserrat">INSTALLATION</span></em></span></span></p>

<p><span style="font-size:18px"><span style="font-family:Montserrat">In CMD</span></span></p>

<pre>
<code class="language-python">pip install django-ckeditor</code></pre>

<p><span style="font-size:18px"><span style="font-family:Montserrat">In</span> <code>settings.py</code></span></p>

<pre>
<code class="language-python">INSTALLED_APPS = (
    ...
    ''ckeditor'',
    ''ckeditor_uploader'',
    ...
)</code></pre>

<p>&nbsp;</p>

<p><span style="font-size:18px"><span style="font-family:Montserrat">Adding&nbsp;<code>ckeditor_uploader</code> together with writing&nbsp;<code>CKEDITOR_UPLOAD_PATH =&nbsp;&#39;screenshots/&#39;</code>&nbsp;in <code>settings.py</code>&nbsp;allows&nbsp;CKEditor to&nbsp;use <code>MEDIA_ROOT</code>&nbsp;to find images. Ensure that you have&nbsp;<code>MEDIA_ROOT</code>&nbsp;defined in your <code>settings.py</code>.</span></span></p>

<p><span style="font-size:18px"><span style="font-family:Montserrat">The screenshots folder should be in the folder defined. by&nbsp;<code>MEDIA_ROOT</code>.&nbsp;For example if&nbsp;</span></span></p>

<pre>
<code class="language-python">MEDIA_ROOT =os.path.join(BASE_DIR, ''project/media'')</code></pre>

<p><span style="font-size:18px"><span style="font-family:Montserrat">then the screenshots folder should be in the folder called media, inside of the project folder.</span></span></p>

<p><span style="font-size:18px"><span style="font-family:Montserrat">URL&#39;s will be created at&nbsp;MEDIA_URL&nbsp;which should also be defined in<code> settings.py</code>.</span></span></p>

<p><span style="font-size:18px"><span style="font-family:Montserrat"><code>MEDIA_URL = &#39;/media/&#39;</code></span></span></p>

<p><span style="font-size:18px"><span style="font-family:Montserrat">For example</span></span></p>

<p><span style="font-size:18px"><span style="font-family:Montserrat"><code>/media/uploads/image.jpg</code></span></span></p>

<p><span style="font-size:18px"><span style="font-family:Montserrat">Add CKEditor URL include to your project&#39;s&nbsp;<code>urls.py</code>&nbsp;file</span></span></p>

<pre>
<code class="language-python">url(r''^ckeditor/'', include(''ckeditor_uploader.urls'')),
</code></pre>

<p><span style="font-size:18px"><span style="font-family:Montserrat">This creates views allowing users to upload and browse through uploaded images in <code>MEDIA_ROOT</code></span></span></p>

<p><span style="color:#999999"><span style="font-size:24px"><em><span style="font-family:Montserrat">USAGE</span></em></span></span></p>

<p><span style="font-size:18px"><span style="font-family:Montserrat">Replace your <code>TextField</code> or <code>CharField</code> with&nbsp;<code>RichTextField</code></span></span></p>

<pre>
<code class="language-python">from django.db import models
from ckeditor.fields import RichTextField

class Post(models.Model):
    content = RichTextField()</code></pre>

<p>&nbsp;
<p><span style="font-size:18px"><span style="font-family:Montserrat">CKEditor can be customized further in settings.py so instead of the default editor which has limited options we can write</span></span></p>
</p>

<pre>
<code class="language-python">CKEDITOR_CONFIGS = {
    ''awesome_ckeditor'': {
        ''toolbar'': ''full'',
        ''height'': 300,
        ''width'': 900,
        
    },
}</code></pre>

<p><span style="font-size:18px"><span style="font-family:Montserrat">to reveal many more options compared to the basic CKEdtior. For further details click&nbsp;<a href="https://github.com/django-ckeditor/django-ckeditor"><u><strong>here</strong></u>.</a></span></span></p>

<p><span style="color:#999999"><span style="font-size:24px"><em><span style="font-family:Montserrat">PLUGINS</span></em></span></span></p>

<p><span style="font-size:18px"><span style="font-family:Montserrat">Additionally, we can add Google Fonts to our editor&#39;s database of fonts . Make sure that you have a copy of your CKEditor directory in your static folder defined in&nbsp;&nbsp;<code>settings.py</code></span></span></p>

<p><span style="font-size:18px"><span style="font-family:Montserrat"><code>STATIC_URL = &#39;/static/&#39;</code></span></span></p>

<p><span style="font-size:18px"><span style="font-family:Montserrat">Find the <code>config.js</code> file in the CKEditor directory and add</span></span></p>

<pre>
<code class="language-python">config.font_names = ''GoogleWebFonts;''</code></pre>

<p><span style="font-size:18px"><span style="font-family:Montserrat">Another useful feature is the codesnippet&nbsp;plugin which you can download <a href="http://ckeditor.com/cke4/addon/codesnippet">here</a>. This&nbsp;allows blocks of code to look pretty and has a database of many coding languages to customize how you want your code to look. </span></span></p>

<p><span style="font-size:18px"><span style="font-family:Montserrat">Extract the codesnippet directory to the plugins folder in the CKEditor directory. In config.js:</span></span></p>

<pre>
<code class="language-python">config.codeSnippet_theme = ''github'';</code></pre>

<p><span style="font-size:18px"><span style="font-family:Montserrat">For this to work we need to link the HTML page of our project to the css file in the codesnippet folder. We&nbsp; also need to add some javascript which highlights code wrapped in&nbsp;<code>&lt;pre&gt;&lt;code&gt;...&lt;/pre&gt;&lt;/code&gt;&nbsp;</code>tags. Add these two lines to the <code>&lt;head&gt;</code> of your HTML document</span></span></p>

<pre>
<code class="language-python">&lt;link href="/static/ckeditor/ckeditor/plugins/codesnippet/lib/highlight/styles/github.css" rel="stylesheet"/&gt;</code></pre>

<pre>
<code class="language-javascript">&lt;script src="/static/ckeditor/ckeditor/plugins/codesnippet/lib/highlight/highlight.pack.js"&gt;&lt;/script&gt;</code></pre>

<p><span style="font-size:18px"><span style="font-family:Montserrat">and to hook highlighting to the page loading event :</span></span></p>

<p><span style="font-size:18px"><span style="font-family:Montserrat">Alternatively you can control what to highlight and when, for example if you only want to highlight code in blocks&nbsp;</span></span></p>

<pre>
<code class="language-javascript">{% block javascript %}
&lt;script&gt;$(document).ready(function() {
  $(''pre code'').each(function(i, block) {
    hljs.highlightBlock(block);
  });
});&lt;/script&gt;
{% endblock %}</code></pre>

<p><span style="font-size:18px"><span style="font-family:Montserrat">Further customization of <code>&lt;pre&gt;</code> tag&nbsp;</span></span></p>

<pre>
<code class="language-python">pre{
    display: inline-flex;
    font-family: monospace;
    padding: 0px;
    margin: 0px;
    font-size: 13px;
    line-height: 1.42857143;
    word-break: break-all;
    word-wrap: break-word;
    white-space: pre-wrap;
    background-color:none;
    border:0px;
    border-radius:0px;
}   </code></pre>

<p><span style="font-size:18px"><span style="font-family:Montserrat">There is&nbsp;more you can do with CKEditor, look&nbsp;<u><strong><a href="https://docs.ckeditor.com/ckeditor4/latest/index.html">here</a></strong></u> for full documentation.</span></span></p>',1,'','django-ckeditor');
INSERT INTO "home_blogpost" VALUES(12,'django tinymce','2018-01-21 17:01:03.826586','<p><span style="font-size:18px"><span style="font-family:Montserrat">Django comes with an admin package which makes it easier to manage your website including it&#39;s users. The default admin is good enough for tasks such as updating user information, giving extra previlages to certain users, deleting forum posts and a lot more.&nbsp;However their are better upgrades available for better tasks such as writing a blog post. </span></span></p>

<p><span style="font-size:18px"><span style="font-family:Montserrat">Two popular packages are&nbsp;<code>django-tinymce</code> and <code>django-ckeditor</code>. They are both&nbsp;WYSIWYG(What You See Is What You Get) editors&nbsp;and make creating and editing content much more user friendly. If we were to use the default admin to do a job like this, it would be a longer process as you would have to write out&nbsp;HTML tags. </span></span></p>

<p><span style="font-size:18px"><span style="font-family:Montserrat">For example you would be able to write a paragraph but to create the space between a new paragraph you would have to use the <code>&lt;/br&gt;</code> tag to create a line break. Both these applications also make handling images easier. Let&#39;s take a look at </span><code><span style="font-family:monospace">django-tinymce</span></code><span style="font-family:Montserrat">&nbsp;first&nbsp;</span></span></p>

<p><span style="font-size:18px"><span style="font-family:Montserrat">In CMD :&nbsp;</span></span></p>

<pre>
<code class="language-python">pip install django-tinymce</code></pre>

<p><span style="font-size:18px"><span style="font-family:Montserrat">Add&nbsp;</span><span style="font-family:monospace"><code>django-tinymce</code>&nbsp;</span><span style="font-family:Montserrat">to&nbsp;&nbsp;</span><span style="font-family:monospace"><code>settings.py</code></span></span></p>

<pre>
<code class="language-python">INSTALLED_APPS = [
    ...
    ...
    ''tinymce'',
    ...
    ...
]</code></pre>

<p><span style="font-size:18px"><span style="font-family:Montserrat">Add <code>tinymce.urls</code> to&nbsp;<code>urls.py</code>&nbsp;for your project</span></span></p>

<pre>
<code class="language-python">urlpatterns = [
    ...
    url(r''^tinymce/'', include(''tinymce.urls'')),
]</code></pre>

<p><span style="font-size:18px"><span style="font-family:Montserrat">In <code>models.py</code> :</span></span></p>

<pre>
<code class="language-python">from tinymce.models import HTMLField</code></pre>

<p><span style="font-size:18px"><span style="font-family:Montserrat">then replace&nbsp; your&nbsp;<code>CharField&nbsp;</code>or<code> TextField&nbsp;</code>with&nbsp;<code>HTMLField</code></span></span></p>

<pre>
<code class="language-python">class BlogPost(models.Model):
    ...
    ...
    body = HTMLField()
    ...
    ...</code></pre>

<p><span style="font-size:18px"><em><span style="font-family:Montserrat">Make sure the tinymce folder found in your site-packages directory is in your project folder, otherwise you may get an error.</span></em></span></p>

<p><span style="font-size:18px"><span style="font-family:Montserrat">If successfully installed and configured we should have gone from the default django admin&nbsp;to a basic django-tinymce interface</span></span></p>

<p>&nbsp;</p>

<p><img alt="" src="/media/Screenshots/tin.png" style="height:338px; width:601px" /></p>

<p><span style="font-size:18px"><span style="font-family:Montserrat">Now we don&#39;t have to manually insert HTML tags to edit text. There is no extra functionality for images though, so we will have to still use <code>&lt;IMG&gt;</code> tags to insert images and style them manually. However, <a href="https://django-filebrowser.readthedocs.io/en/latest/">django-filebrowser</a> works alongside django-tinymce to help deal with images. This is a basic setup and <code>django-tinymce&nbsp;</code>can be configured further. Read the <a href="http://django-tinymce.readthedocs.io/en/latest/">documentation</a> for more details.</span></span></p>

<p>&nbsp;</p>',1,'','django-tinymce');
INSERT INTO "home_blogpost" VALUES(14,'Django Forms And Widget Tweaks','2018-02-06 02:23:48.100765','<p><span style="font-size:18px"><span style="font-family:Montserrat">Django handles three distinct parts of the work involved in forms:</span></span></p>

<ul>
	<li><span style="font-size:18px"><span style="font-family:Montserrat">preparing and restructuring data to make it ready for rendering</span></span></li>
	<li><span style="font-size:18px"><span style="font-family:Montserrat">creating HTML forms for the data</span></span></li>
	<li><span style="font-size:18px"><span style="font-family:Montserrat">receiving and processing submitted forms and data from the client</span></span></li>
</ul>

<p><span style="font-size:18px"><span style="font-family:Montserrat">We will look at the second point in the list above and how we can use <code>django-widget-tweaks</code> to keep frontend specific information away from <code>*.py </code>files and keep them in our HTML documents.</span></span></p>

<p><span style="font-size:18px"><span style="font-family:Montserrat">The purpose of <code>django-widget-tweaks</code> package is to allow you to customize form field rendering without writing python code. This means we can eliminate the code&nbsp;in <code>forms.py</code> and&nbsp;tweak our template instead.&nbsp; This app can be used alongside bootstrap to produce color coded errors on forms. For example during registration process we can ask user to type their password twice and if they do not match, we can apply relevant bootstrap class to the errors produced.&nbsp;</span></span></p>

<p><span style="color:#999999"><span style="font-size:24px"><em><span style="font-family:Montserrat">INSTALLATION</span></em></span></span></p>

<pre>
<code class="language-python">pip install django-widget-tweaks</code></pre>

<p><span style="font-size:18px"><span style="font-family:Montserrat">Add <code>wiget-tweaks</code> to <code>INSTALLED_APPS</code>:</span></span></p>

<pre>
<code class="language-python">INSTALLED_APPS = [
    ...
    ''widget_tweaks'',
    ...
]</code></pre>

<p><span style="font-size:18px"><span style="font-family:Montserrat">Load the app in your template&nbsp;</span></span></p>

<pre>
<code class="language-html">{% load widget_tweaks %}</code></pre>

<p><span style="font-family:Montserrat">to use its functions.</span></p>

<p><span style="font-size:18px"><span style="font-family:Montserrat">Django has a rich and secure forms API, so using the set of functions and procedures that Django carries out&nbsp;to create and process forms is a good idea.&nbsp;Presenting the form in an HTML template is quite simple&nbsp;</span></span></p>

<pre>
<code class="language-html">&lt;form method="post"&gt;
  {% csrf_token %}
  {{form.as_x}}  
  &lt;button type="submit"&gt;Submit&lt;/button&gt;
&lt;/form&gt;</code></pre>

<p><span style="font-size:18px"><span style="font-family:Montserrat">where <code>x</code> is either <code>p</code>, <code>ul</code> or <code>table. </code>The form that django renders is simple&nbsp;so&nbsp;that we can customize it&nbsp;by applying css or javascript to the form fields for example.</span></span></p>

<p><span style="font-size:18px"><span style="font-family:Montserrat">Instead of letting Django do all the work and&nbsp;unpack the form which would look something like this for <code>{{form.as_p}}</code>&nbsp;</span></span></p>

<pre>
<code class="language-html">&lt;p&gt;&lt;label for="id_subject"&gt;Subject:&lt;/label&gt;
    &lt;input id="id_subject" type="text" name="subject" maxlength="100" required /&gt;&lt;/p&gt;
&lt;p&gt;&lt;label for="id_message"&gt;Message:&lt;/label&gt;
    &lt;textarea name="message" id="id_message" required&gt;&lt;/textarea&gt;&lt;/p&gt;
&lt;p&gt;&lt;label for="id_sender"&gt;Sender:&lt;/label&gt;
    &lt;input type="email" name="sender" id="id_sender" required /&gt;&lt;/p&gt;
&lt;p&gt;&lt;label for="id_cc_myself"&gt;Cc myself:&lt;/label&gt;
    &lt;input type="checkbox" name="cc_myself" id="id_cc_myself" /&gt;&lt;/p&gt;</code></pre>

<p><span style="font-size:18px"><span style="font-family:Montserrat">we can render the form manually so that we can have more control over how it looks.&nbsp; To do this we first need to unpack the hidden fields which refer to fields that are not visible to the user but are still present to send back information to the server that is not entered by the visitor. In HTML this looks something like this&nbsp;</span></span></p>

<pre>
<code class="language-html">&lt;input type="hidden" name="Language" value="English"&gt;</code></pre>

<p><span style="font-size:24px"><span style="color:#999999"><span style="font-family:Montserrat"><em>EXAMPLE</em></span></span></span></p>

<p><span style="font-size:18px"><span style="font-family:Montserrat">Let&#39;s say we have a form where users can change their current password by filling in a form</span></span></p>

<p>&nbsp;</p>

<p><span style="font-family:Montserrat"><img alt="" src="/media/Screenshots/changepw.png" style="height:338px; width:600px" /></span></p>

<p>&nbsp;</p>

<p><span style="font-size:18px"><span style="font-family:Montserrat">We want to highlight the fields that aren&#39;t completed correctly with red and those that have passed the checks to be highlighted in green.&nbsp; To do this we need to render the form manually. </span></span></p>

<p><span style="font-size:18px"><span style="font-family:Montserrat">To unpack the hidden fields we need to replace</span></span></p>

<pre>
<code class="language-html">{{form.as_x}}</code></pre>

<p><span style="font-size:18px"><span style="font-family:Montserrat">in our HTML document with&nbsp;</span></span></p>

<pre>
<code class="language-html">{% for hidden_field in form.hidden_fields %}
  {{ hidden_field }}
{% endfor %}</code></pre>

<p><span style="font-size:18px"><span style="font-family:Montserrat">Then to take care of <code>non_field_errors&nbsp;</code></span></span></p>

<pre>
<code class="language-html">{% if form.non_field_errors %}
   &lt;div class="alert alert-danger" role="alert"&gt;Danger alert&lt;/div&gt;
    {% for error in form.non_field_errors %}
       {{ error }}
    {% endfor %}
   &lt;/div&gt;
{% endif %}</code></pre>

<p><span style="font-size:18px"><span style="font-family:Montserrat">Now for the form&#39;s visible fields and help text&nbsp;</span></span></p>

<pre>
<code class="language-html">{% for field in form.visible_fields %}
 &lt;div class="form-group"&gt;
  {{ field.label_tag }}
  {% if form.is_bound %}
   {% if field.errors %}
     &lt;div class="form-group has-error"&gt;
      {% render_field field class="form-control" %}
     &lt;/div&gt;
     {% for error in field.errors %}
       &lt;div class="errorlist"&gt;
         {{ error }}
       &lt;/div&gt;
     {% endfor %}
   {% else %}
     &lt;div class="form-group has-success"&gt;
        {% render_field field class="form-control" %}
     &lt;/div&gt;
   {% endif %}
  {% else %}
   {% render_field field class="form-control" %}
  {% endif %}
  {% if field.help_text %}
     &lt;small class="form-text text-muted"&gt;{{ field.help_text }}&lt;/small&gt;
  {% endif %}
 &lt;/div&gt;
{% endfor %}</code></pre>

<p><span style="font-size:18px"><span style="font-family:Montserrat">We are presenting the fields with their correct labels with<code> </code><tt><code>{{ field.label_tag }}</code>&nbsp;</tt>and then specifying that the form must be bound, i.e. their must be data attatched to the form then if it has errors to apply the bootstrap class <code>has-error</code> or <code>has-success </code>to&nbsp;the field. The <tt><code>{{ error }}</code></tt> part just produces the form error on screen.&nbsp;</span></span></p>

<p><span style="font-size:18px"><span style="font-family:Montserrat">The widget tweak comes in with the <code>{% render_field field class = &quot;form-control&quot; %}</code>which&nbsp;gives the form a slight blue glow and rounded edges instead of the sharp corners that Django&#39;s HTML template produces.&nbsp; We could specify this in &nbsp;<code>forms.py </code>but that would be putting frontend specific information in <code>*.py </code>files which is not good practice.</span></span></p>

<p><span style="font-size:18px"><span style="font-family:Montserrat">Now if we enter our current password correctly but the two new passwords do not match</span></span></p>

<p><img alt="" src="/media/Screenshots/colorcodederrors.png" style="height:338px; width:600px" /></p>

<p>&nbsp;</p>

<p><span style="font-size:18px"><span style="font-family:Montserrat">For more information about rendering forms manually look at the&nbsp;<a href="https://docs.djangoproject.com/en/2.0/topics/forms/">official documentation</a>. For further information about widget tweaks click <a href="https://pypi.python.org/pypi/django-widget-tweaks">here</a>.</span></span></p>',22,'','django-forms-and-widget-tweaks');
INSERT INTO "home_blogpost" VALUES(15,'Using Python in CMD','2018-02-18 01:36:57.731393','<p>sxasd</p>',34,'','using-python-in-cmd');
INSERT INTO "home_blogpost" VALUES(16,'Django Archive','2018-02-21 04:58:54.046266','<p>backup database content</p>',46,'','django-archive');
INSERT INTO "home_blogpost" VALUES(17,'Bootstrap Navbar','2018-02-21 04:59:37.925183','<p><span style="font-size:18px"><span style="font-family:Montserrat">Add a fixed navbar to the top of the page. Lets add a bootstrap class&nbsp;<code>navbar navbar-fixed top</code>&nbsp;to the HTML nav tag.</span></span></p>

<pre>
<code class="language-html">&lt;nav class="navbar navbar-fixed-top"&gt;</code></pre>

<p><span style="font-size:18px"><span style="font-family:Montserrat">We add container-fluid class so that the width of the div class changes with the&nbsp;width of the viewport we are using(mobile, desktop)&nbsp;&nbsp;instead of using a fixed div width</span></span></p>

<pre>
<code class="language-html">&lt;div class="container-fluid"&gt;</code></pre>

<p><span style="font-size:18px"><span style="font-family:Montserrat">Then we can create an unordered list and list items from left to right</span></span></p>

<pre>
<code class="language-html">&lt;ul class="nav navbar-nav"&gt;
   &lt;li&gt;&lt;a id = "brand" href="{% url ''home:home'' %}"&gt;Blog&lt;/a&gt;&lt;/li&gt;
   ...
&lt;/ul&gt;</code></pre>

<p><span style="font-size:18px"><span style="font-family:Montserrat">Lets concentrate on right side of navbar and create an user icon with a dropdown menu using boostrap classes like before</span></span></p>

<pre>
<code class="language-html">&lt;ul class="nav navbar-nav navbar-right"&gt;
</code></pre>

<p><span style="font-size:18px"><span style="font-family:Montserrat">We will use fontawesome to have user icon in top right of our fixed navbar. Add this to top of HTML document</span></span></p>

<pre>
<code class="language-html">&lt;script src="https://use.fontawesome.com/cdfd602f6e.js"&gt;&lt;/script&gt;</code></pre>

<p><span style="font-size:18px"><span style="font-family:Montserrat">Now you can use fontawesome icons</span></span></p>

<p><span style="font-size:18px"><span style="font-family:Montserrat">We are just using bootstrap classes to create a dropdown list, add an icon using fontawesome&nbsp;and add an caret next to our icon using caret class</span></span></p>

<pre>
<code class="language-html">&lt;li class="dropdown"&gt;
    &lt;a class="dropdown-toggle" data-toggle="dropdown" href="#"&gt;&lt;i class="fa fa-user-circle-o" aria-hidden="true"&gt;&lt;/i&gt;
    &lt;b class="caret"&gt;&lt;/b&gt;&lt;/a&gt;
    &lt;ul class="dropdown-menu"&gt;
        ...
        &lt;li&gt;&lt;a href="{% url ''accounts:view_profile'' %}"&gt;Profile&lt;/a&gt;&lt;/li&gt;
        ...
    &lt;/ul&gt;
&lt;/li&gt;</code></pre>

<p><span style="font-size:18px"><span style="font-family:Montserrat">We can also animate with css using w3 animations add this to top of your HTML document</span></span></p>

<pre>
<code class="language-html">&lt;link rel="stylesheet" href="https://www.w3schools.com/w3css/4/w3.css"&gt;</code></pre>

<p><span style="font-family:Montserrat">then to animate<code> &lt;hr&gt;</code> element&nbsp;</span></p>

<pre>
<code class="language-html">&lt;div class="w3-container w3-center w3-animate-left"&gt;
  &lt;hr id="navhr"&gt;
&lt;/div&gt;</code></pre>

<p><span style="font-size:18px"><span style="font-family:Montserrat">I have styled&nbsp;<code>&lt;hr&gt;</code> element in my css file&nbsp;</span></span></p>

<pre>
<code class="language-css">hr {
    border: 0;
    height: 1px;
    background-image: linear-gradient(to right, rgba(0, 0, 0, 0),rgb(51, 153, 255), rgba(0, 0, 0, 0));
}</code></pre>

<p>&nbsp;</p>',21,'','bootstrap-navbar');
INSERT INTO "home_blogpost" VALUES(18,'CSS Login Page','2018-02-23 03:18:00.660504','<p><span style="font-size:18px"><span style="font-family:Montserrat">In this short article I will create a login page using django authentication system. Django makes it easy to create a login page, all we need to do is setup the URL in urls.py and we do not need to write a view as django does the work for us.&nbsp;We just need to create a template called <strong>login.html</strong>&nbsp;</span></span></p>

<p><span style="font-size:18px"><tt>urls.py</tt></span></p>

<pre>
<code class="language-python">urlpatterns = [
    ...
    url(r''^login/$'', login, {''template_name'':''accounts/login.html''},name = ''login''),
    ...
]</code></pre>

<p><span style="font-family:Montserrat"><span style="font-size:18px">So all we need to do is provide template name and the optional name argument for which more information can be found <a href="https://docs.djangoproject.com/en/dev/topics/http/urls/#naming-url-patterns">here</a>.&nbsp;</span></span></p>

<p><tt><span style="font-family:Montserrat"><span style="font-size:18px">login.html</span></span></tt></p>

<pre>
<code class="language-html">{% block body %}

&lt;div class="container"&gt;
  &lt;h1&gt;Mo''s Blog&lt;/h1&gt;
   &lt;form method = "post"&gt;
   {%csrf_token%}
   {% load widget_tweaks %}
     &lt;div class="form-group" id="username"&gt;
      &lt;label for="{{ username.id_for_label }}"&gt;{% render_field form.username class="form-control" placeholder="Enter Username" %}&lt;/label&gt;
     &lt;/div&gt;
     &lt;div class="form-group" id="password"&gt;
      &lt;label for="{{ password.id_for_label }}"&gt;{% render_field form.password class="form-control" placeholder="Enter Password" %}&lt;/label&gt;
     &lt;/div&gt;
     &lt;span&gt;&lt;input type="submit" class="btn btn-info" value="LOGIN" id="submit"&gt;&lt;/span&gt;
    &lt;/form&gt;

    &lt;a id="one" href="{% url ''accounts:reset_password'' %}"&gt;Reset Password&lt;/a&gt;
    &lt;a id="two" href="{% url ''accounts:register'' %}"&gt;Register&lt;/a&gt;
    {% load static %}
    &lt;a id = "social" href = "http://www.facebook.com"&gt;&lt;img src="{% static "set/facebook.png" %}"/&gt;
    &lt;a id = "social" href = "http://www.twitter.com"&gt;&lt;img src="{% static "set/twitter.png" %}"/&gt;
    &lt;a id = "social" href = "http://www.youtube.com"&gt;&lt;img src="{% static "set/youtube.png" %}"/&gt;
    &lt;a id = "social" href = "http://www.linkedin.com"&gt;&lt;img src="{% static "set/linkedin.png" %}"/&gt;
    &lt;a id = "social" href = "http://www.googleplus.com"&gt;&lt;img src="{% static "set/google+.png" %}"/&gt;
&lt;/div&gt;

{% endblock %}
</code></pre>

<p><span style="font-size:18px"><span style="font-family:Montserrat">This is just a standard form adding the use of django-widget-tweaks to add placeholders to the form fields of username and password. Then there are just a bunch of social links at the bottom of the page. In the end we want it to look something like this</span></span></p>

<p>&nbsp;</p>

<p><span style="font-size:18px"><span style="font-family:Montserrat"><img alt="" src="/media/Screenshots/loginpage.png" style="height:388px; width:600px" /></span></span></p>

<p>&nbsp;</p>

<p><span style="font-size:18px"><span style="font-family:Montserrat">Lets start on the CSS</span></span></p>

<p><span style="font-size:18px"><span style="font-family:Montserrat">First of all lets add a background image</span></span></p>

<pre>
<code class="language-css">body{
    background: url(http://wallpapercave.com/wp/b4NResJ.jpg)no-repeat center center;
    background-size:cover;
    background-position: 0px 0px;
}</code></pre>

<p><span style="font-size:18px"><span style="font-family:Montserrat">and lets style the inner container which has a translucent effect using rgba which changes the opacity of the colour&nbsp;</span></span></p>

<pre>
<code class="language-css">.container{
    position:relative;
    top:150px;
    height:400px;
    width:500px;
    padding-top:90px;
    margin: 0 auto;
    background-color:rgba(102, 255, 255,0.1)
}</code></pre>

<p><span style="font-size:18px"><span style="font-family:Montserrat">Style the heading&nbsp;</span></span></p>

<pre>
<code class="language-css">.container h1{
    color:white;
    font-size: 60px;
    font-family: ''Orbitron'', sans-serif;
    position: relative;
    text-shadow: 0 0 0.5px #00ffff;
    margin:0 auto;
    text-align:center;
    bottom:20px;
}</code></pre>

<p><span style="font-size:18px"><span style="font-family:Montserrat">Position the register and reset password links in the container</span></span></p>

<pre>
<code class="language-css">.container #one{
    display:block;
    position:absolute;
    left:20px;
    top:360px;
    font-family: ''Orbitron'', sans-serif;
    color:white;
    text-decoration:none;
    font-size:11.5px;
}


.container #two{
    display:block;
    position:absolute;
    left:425px;
    top:360px;
    font-family: ''Orbitron'', sans-serif;
    color:white;
    text-decoration:none;
    font-size:11.5px;
}</code></pre>

<p><span style="font-size:18px"><span style="font-family:Montserrat">and style them to create a glow&nbsp;</span></span></p>

<pre>
<code class="language-css">.container #one:hover{
    text-shadow: 0 0 2px #00ffff;
}
.container #two:hover{
    text-shadow: 0 0 2px #00ffff;
}
</code></pre>

<p><span style="font-size:18px"><span style="font-family:Montserrat">Position the form and assign the type of input</span></span></p>

<pre>
<code class="language-css">.form-group{
    width:200px;
    margin:0 auto;
}

.form-group input{

    font-size:12px;
    font-family: ''Orbitron'', sans-serif;
    margin-bottom:20px;
    padding-left:25px;
}



.form-group input[type=text]{
    color:black;
    font-size:12px;
    font-family: ''Orbitron'', sans-serif;
    padding-left:25px;
}</code></pre>

<p><span style="font-size:18px"><span style="font-family:Montserrat">Use the CSS before selector to position user and lock images</span></span></p>

<pre>
<code class="language-css">#username::before{
    content: "\f007";
    position:absolute;
    font-family: "FontAwesome";
    font-size:20px;
    color:#ff6666;
    padding-left:5px;
    padding-top:3px;
}

#password::before{
    content: "\f023";
    position:absolute;
    font-family: "FontAwesome";
    font-size:21px;
    color: #ff6666;
    padding-left:5px;
    padding-top:3px;
}
</code></pre>

<p><span style="font-size:18px"><span style="font-family:Montserrat">Style submit button</span></span></p>

<pre>
<code class="language-css">#submit{
    font-family: ''Orbitron'', sans-serif;
    font-size: 18px;
    position:absolute;
    top: 275px;
    left:189px;
    color:#00ffff;
    width:118px;
    height: 37px;
    padding: 1px 1px;
    line-height:15px;
    border-color: #00ffff;
    text-align: center;
}</code></pre>

<p><span style="font-size:18px"><span style="font-family:Montserrat">Position the social links and specify image properties</span></span></p>

<pre>
<code class="language-css">.container #social{
    position:relative;
    top:60px;
    left:145px;
    text-decoration:none;
}

.container img{
    width:35px;
    height:30px;
}</code></pre>

<p><span style="font-family:Montserrat"><span style="font-size:18px">Style social links</span></span></p>

<pre>
<code class="language-css">#social:hover{


   -webkit-filter: drop-shadow(0px 0px 0px rgba(0,255,255,1));
    filter: drop-shadow(0px 0px 0px rgba(0,255,255,1));

    }
</code></pre>

<p><span style="font-size:18px"><span style="font-family:Montserrat">Make sure you include the fontawesome js file in your HTML file</span></span></p>

<pre>
<code class="language-html">&lt;script src="https://use.fontawesome.com/e8a74bbcce.js"&gt;&lt;/script&gt;</code></pre>

<p>&nbsp;</p>',1,'','css-login-page');
INSERT INTO "home_blogpost" VALUES(19,'Username Check with AJAX','2018-03-04 04:53:19.041164','<p><span style="font-size:18px"><span style="font-family:Montserrat">We can check if a username exists in our database and alert the current user if a username has already been taken. Do this by writing a view which deals with the logic that django can execute and an AJAX request. AJAX stands for Asynchronous Javascript And XML. Though the name can be slightly misleading as the request is not always sent as an XML object, for example in the example below we will send data to the server as Json.</span></span></p>

<p><tt>views.py</tt></p>

<pre>
<code class="language-python">def validate_username(request):
    username = request.GET.get(''username'', None)
    data = {
        ''is_taken'': User.objects.filter(username__iexact=username).exists()
    }
    if data[''is_taken'']:
        data[''error_message''] = ''A user with this username already exists.''
    return JsonResponse(data)</code></pre>

<p><span style="font-size:18px"><span style="font-family:Montserrat"><em>username</em> is a variable which changes everytime the user types in something new in the username field. So the first line is just telling django to GET the username the current user has just typed and store it in a variable called username.</span></span></p>

<p><span style="font-size:18px"><span style="font-family:Montserrat">data is a dictionary, which is a set of values e.g</span></span></p>

<pre>
<code class="language-python">{''is_taken'' : ''True''}</code></pre>

<p><span style="font-size:18px"><span style="font-family:Montserrat">The second value in the dictionary&nbsp;is either True or False and so we check if the data is taken is True, and if it is True then we can can produce an&nbsp;error message. The final line is to ensure that the data is in Json form so that it can be sent to the server. Since an AJAX request outputs an JavaScript object</span></span></p>

<p><span style="font-size:18px"><span style="font-family:Montserrat">We then need to add regular expression that links to this view</span></span></p>

<pre>
<code class="language-python">urlpatterns = [
...
url(r''^ajax/validate_username/$'', views.validate_username, name=''validate_username''),</code></pre>

<p><span style="font-size:18px"><span style="font-family:Montserrat">AJAX works by allowing you to update parts of the page without having to reload the page. For example clicking a like button and increasing its count without having to reload the page.</span></span></p>

<p><span style="font-size:18px"><span style="font-family:Montserrat">The browser sends a request to the server as a XMLHttpRequest object. The server then processes this request and&nbsp;sends a response back to the browser as either JavaScript or some other form like JSON. This response is then processed by the browser.</span></span></p>

<p><span style="font-size:18px"><span style="font-family:Montserrat">We will be using the $.ajax(); method of jquery API. This returns a jqXHR object which is a superset of XMLHttpRequest object. This means the jqXHR object has additional properties and methods which means we can customize the request by sending additional information to the server to be processed.</span></span></p>

<p><span style="font-size:18px"><span style="font-family:Montserrat">Now we have the view and its url setup we need to write our template with&nbsp;HTML, javascript and AJAX. First lets present a form in the HTML template</span></span></p>

<pre>
<code class="language-html">{% block body %}
  &lt;form method="post"&gt;
    {% csrf_token %}
    {{ form.as_p }}
    &lt;button type="submit"&gt;Sign up&lt;/button&gt;
  &lt;/form&gt;
{% endblock %}</code></pre>

<p><span style="font-size:18px"><span style="font-family:Montserrat">Now we need to look at&nbsp;<code>{{form.as_p}}</code> and find the code which represents the username field&nbsp;</span></span></p>

<pre>
<code class="language-html">&lt;input type="text" required="" name="username" maxlength="150" id="id_username" autofocus=""&gt;</code></pre>

<p><span style="font-size:18px"><span style="font-family:Montserrat">we will use the <code>id = &quot;id_username&quot;&nbsp;</code>in our jquery as the field to target&nbsp;</span></span></p>

<pre>
<code class="language-javascript">{% block javascript %}
  &lt;script&gt;
    $("#id_username").change(function () {
      var username = $(this).val();

      $.ajax({
        url: ''/account/ajax/validate_username/'',
        data: {
          ''username'': username
        },
        dataType: ''json'',
        success: function (data) {
          if (data.is_taken) {
            alert("A user with this username already exists.");
          }
        }
      });

    });
  &lt;/script&gt;
{% endblock %}</code></pre>

<p><span style="font-size:18px"><span style="font-family:Montserrat">By default <code>$</code> is just a shortcut for jQuery so we can either write <code>jQuery(&quot;#id_username&quot;)</code> or <code>$(&quot;#id_username&quot;</code>).</span></span></p>

<p><span style="font-size:18px"><span style="font-family:Montserrat">The <code>&quot;#id_username&quot;</code> in brackets refers to the id of the field we want to target as shown above in the input tag. </span></span></p>

<p><span style="font-size:18px"><span style="font-family:Montserrat">The change event occurs when the value of an element such as &lt;input&gt; element&nbsp;has changed. (only works on &lt;input&gt;, &lt;select&gt; and &lt;textarea&gt; elements). The change() method attatches a function to the change event so that the change event is triggered everytime the function is executed.</span></span></p>

<p><span style="font-size:18px"><span style="font-family:Montserrat">The function in this case takes the username variable. The&nbsp; <code>$(this)</code> is just referring to the jQuery object <code>$(&quot;#id_username&quot;)</code> and the .val() jquery method returns the value of the element i.e. the users entry into the username field.</span></span></p>

<p><span style="font-size:18px"><span style="font-family:Montserrat">The ajax request takes the form<code> jQuery.ajax( url, [settings]</code>&nbsp;or&nbsp;<code>$( url, [settings].</code></span></span></p>

<p><span style="font-size:18px"><span style="font-family:Montserrat">The url is a string to which the ajax request is sent.&nbsp; </span></span></p>

<p><span style="font-size:18px"><span style="font-family:Montserrat">The settings are a&nbsp;set of <strong>key/value</strong> pairs that configure the Ajax request. We have defined the url earlier on. For the settings we are using the <em>data</em> key, this is just the data that is to be sent to the server. </span></span></p>

<p><span style="font-size:18px"><span style="font-family:Montserrat">The data exchanged between a browser and server can only be text. JSON is javascript but in text format which can be easily processed.&nbsp;We can convert any javascript object into JSON and send JSON to the server. </span></span><span style="font-size:18px"><span style="font-family:Montserrat">We can also convert any JSON received from the server into JavaScript objects. </span></span></p>

<p><span style="font-size:18px"><span style="font-family:Montserrat">The <em>dataType</em> key&nbsp;is the type of data we are expecting back from the server.&nbsp;</span></span><span style="font-size:18px"><span style="font-family:Montserrat">So in our case the AJAX request object is JavaScript converted to JSON, sent to the server which processes the request, sends it back as JSON and the browser can then convert this JSON into JavaScript and execute the code to produce an alert for example.</span></span></p>

<p><span style="font-size:18px"><span style="font-family:Montserrat">Finally, we use the <em>success</em> key to define a success function which is&nbsp;to be called if the request succeeds. </span></span></p>

<p><span style="font-size:18px"><span style="font-family:Montserrat">We can improve the code </span></span></p>

<pre>
<code class="language-javascript">{% block javascript %}
  &lt;script&gt;
    $("#id_username").change(function () {
      var form = $(this).closest("form");
      $.ajax({
        url: form.attr("data-validate-username-url"),
        data: form.serialize(),
        dataType: ''json'',
        success: function (data) {
          if (data.is_taken) {
            alert(data.error_message);
          }
        }
      });

    });
  &lt;/script&gt;
{% endblock %}</code></pre>

<p><span style="font-size:18px"><span style="font-family:Montserrat">so that the python view includes the error message rather than it being in the javascript itself. </span></span></p>

<p><span style="font-size:18px"><span style="font-family:Montserrat">We also take advantage of jQuery methods .attr() and .serialize(). The first method gets the value of an attribute for the first element in a set of matched elements. So if we change our code for our form in the template </span></span></p>

<pre>
<code class="language-html">{% block body %}
  &lt;form method="post" data-validate-username-url="{% url ''accounts:validate_username'' %}"&gt;
    {% csrf_token %}
    {{ form.as_p }}
    &lt;button type="submit"&gt;Sign up&lt;/button&gt;
  &lt;/form&gt;
{% endblock %}</code></pre>

<p><span style="font-size:18px"><span style="font-family:Montserrat">then we can just use <em>data-validate-username-url </em>to specify the url as a form attribute. The purpose of doing this is so we dont have to write the url out explicity as this is not good practice.</span></span></p>

<p><span style="font-size:18px"><span style="font-family:Montserrat">The second method .serialize() creates a text string in standard URL-encoded notation.&nbsp;</span></span></p>',47,'','username-check-with-ajax');
INSERT INTO "home_blogpost" VALUES(20,'How to organise Base.html','2018-03-07 05:47:25.534325','<p><span style="font-size:18px"><span style="font-family:Montserrat">The base.html file in your django project is the foundation for all your other templates. You include the things you want in every page of your website on the base.html page, for example a navigation bar or a wallpaper. Lets take a look and see how to setup a base.html page.</span></span></p>

<p><span style="font-size:18px"><span style="font-family:Montserrat">I am using MS Visual Studio Code. To create a ready made template with all HTML tags like this&nbsp;</span></span></p>

<pre>
<code class="language-html">&lt;!DOCTYPE html&gt;
&lt;!--[if lt IE 7]&gt;      &lt;html class="no-js lt-ie9 lt-ie8 lt-ie7"&gt; &lt;![endif]--&gt;
&lt;!--[if IE 7]&gt;         &lt;html class="no-js lt-ie9 lt-ie8"&gt; &lt;![endif]--&gt;
&lt;!--[if IE 8]&gt;         &lt;html class="no-js lt-ie9"&gt; &lt;![endif]--&gt;
&lt;!--[if gt IE 8]&gt;&lt;!--&gt; &lt;html class="no-js"&gt; &lt;!--&lt;![endif]--&gt;
    &lt;head&gt;
        &lt;meta charset="utf-8"&gt;
        &lt;meta http-equiv="X-UA-Compatible" content="IE=edge"&gt;
        &lt;title&gt;&lt;/title&gt;
        &lt;meta name="description" content=""&gt;
        &lt;meta name="viewport" content="width=device-width, initial-scale=1"&gt;
    &lt;/head&gt;
    &lt;body&gt;
        &lt;!--[if lt IE 7]&gt;
            &lt;p class="browsehappy"&gt;You are using an &lt;strong&gt;outdated&lt;/strong&gt; browser. Please &lt;a href="#"&gt;upgrade your browser&lt;/a&gt; to improve your experience.&lt;/p&gt;
        &lt;![endif]--&gt;
        
    &lt;/body&gt;
&lt;/html&gt;</code></pre>

<p><span style="font-size:18px"><span style="font-family:Montserrat">press CTRL + SHIFT + P to open the command palette and then type Install Extension &nbsp;and select &#39;Extensions : Install Extensions&#39;. Search for HTML5 - Boilerplate and install the extension. Press CTRL + N to open a new file, save it as an HTML file and then&nbsp; type &#39;html5-boilerplate&#39; and you will automatically create the above snippet which gives you a basis to begin writing a base.html file.</span></span></p>

<p><span style="font-size:18px"><span style="font-family:Montserrat">Between the html and body tags include link to bootstrap stylesheet, any fonts you might use throughout the website</span></span></p>

<pre>
<code class="language-html">&lt;link rel="stylesheet" href="https://maxcdn.bootstrapcdn.com/bootstrap/3.3.7/css/bootstrap.min.css"
integrity="sha384-BVYiiSIFeK1dGmJRAkycuHAHRg32OmUcww7on3RYdg4Va+PmSTsz/K68vbdEjh4u" crossorigin="anonymous"&gt;
&lt;link href="/static/accounts/styles.css" type="text/css" rel="stylesheet"&gt;
&lt;link rel="stylesheet" href="https://www.w3schools.com/w3css/4/w3.css"&gt;
&lt;link href="https://fonts.googleapis.com/css?family=Orbitron" rel="stylesheet"&gt;</code></pre>

<p><span style="font-size:18px"><span style="font-family:Montserrat">The best reason for using a base.html in django is for template inheritance. This means we can use the base.html file as our basis for every webpage but not every webpage will be the same so we can use the django templating language to override parts of the&nbsp;base.html to include what we need on a specific webpage</span></span></p>

<p><span style="font-size:18px"><span style="font-family:Montserrat">Lets illustrate this with example say we have a body in our base.html</span></span></p>

<pre>
<code class="language-html">&lt;body&gt;
The content of the document......
&lt;/body&gt;</code></pre>

<p><span style="font-size:18px"><span style="font-family:Montserrat">In here we can include things that would appear on every webpage like a navigation bar. But the content will be different on each page so say we have another webpage home.html, we would still want the navigation bar, wallpaper, fonts etc, but the other content will be different for example additional text. So we can override the body of the base.html by writing</span></span></p>

<pre>
<code class="language-html">&lt;body&gt;
The content of the document......
  {% block body %}   
  {% endblock %}
&lt;/body&gt;</code></pre>

<p><span style="font-size:18px"><span style="font-family:Montserrat">This is in our base.html, then in our home.html we can just write</span></span></p>

<pre>
<code class="language-html">{% extends ''base.html'' %}

{% block body %}
Home page content...
{% endblock %}</code></pre>

<p><span style="font-size:18px"><span style="font-family:Montserrat">So we just need to write &#39;extends base.html&#39; to use the base.html as a basis for producing other webpages for our webapp. Then to overwrite the body part of our base.html just include the body content between the block body tags.</span></span></p>

<p><span style="font-size:18px"><span style="font-family:Montserrat">Put your javascript libraries after the block body tags and include any javascript AFTER these libraries in block javascript tags for example</span></span></p>

<pre>
<code class="language-html">&lt;script
src="https://code.jquery.com/jquery-3.1.1.min.js"
integrity="sha256-hVVnYaiADRTO2PzUGmuLJr8BLUSjGIZsDYGmIJLv2b8="
crossorigin="anonymous"&gt;&lt;/script&gt;

&lt;script src="https://maxcdn.bootstrapcdn.com/bootstrap/3.3.7/js/bootstrap.min.js" integrity="sha384-Tc5IQib027qvyjSMfHjOMaLkfuWVxZxUPnCJA7l2mCWNIpG9mGCD8wGNIcPD7Txa" crossorigin="anonymous"&gt;&lt;/script&gt;

&lt;script src="https://use.fontawesome.com/cdfd602f6e.js"&gt;&lt;/script&gt;

&lt;script src="/static/ckeditor/ckeditor/plugins/codesnippet/lib/highlight/highlight.pack.js"&gt;&lt;/script&gt;

{% block javascript %}{% endblock %}</code></pre>

<p><span style="font-size:18px"><span style="font-family:Montserrat">This is to ensure that the libraries load first before any javascript is executed.</span></span></p>',14,'','how-to-organise-basehtml');
INSERT INTO "home_blogpost" VALUES(21,'Windows PowerShell','2018-03-08 04:23:14.364908','<p>PowerShell can be a much more powerful command-line environment than the Command Prompt. For example, we&rsquo;ve shown you&nbsp;<a href="https://www.howtogeek.com/111859/how-to-batch-rename-files-in-windows-4-ways-to-rename-multiple-files/">how to use the PowerShell environment built into Windows to perform a search-and-replace operation</a>&nbsp;to batch rename multiple files in a folder&mdash;something that would normally require installing a third-party program. This is the sort of thing that Linux users have always been&nbsp;able to do with their command-line environment, while Windows users were left out.&nbsp;</p>

<p>System administrators will want to learn PowerShell so they can manage their systems more efficiently. And if you ever need to write a script to automate various system administration tasks, you should do it with PowerShell.</p>',53,'','windows-powershell');
CREATE UNIQUE INDEX "auth_group_permissions_group_id_permission_id_0cd325b0_uniq" ON "auth_group_permissions" ("group_id", "permission_id");
CREATE INDEX IF NOT EXISTS "auth_group_permissions_group_id_b120cbf9" ON "auth_group_permissions" ("group_id");
CREATE INDEX IF NOT EXISTS "auth_group_permissions_permission_id_84c5c92e" ON "auth_group_permissions" ("permission_id");
CREATE UNIQUE INDEX "auth_user_groups_user_id_group_id_94350c0c_uniq" ON "auth_user_groups" ("user_id", "group_id");
CREATE INDEX IF NOT EXISTS "auth_user_groups_user_id_6a12ed8b" ON "auth_user_groups" ("user_id");
CREATE INDEX IF NOT EXISTS "auth_user_groups_group_id_97559544" ON "auth_user_groups" ("group_id");
CREATE UNIQUE INDEX "auth_user_user_permissions_user_id_permission_id_14a6b632_uniq" ON "auth_user_user_permissions" ("user_id", "permission_id");
CREATE INDEX IF NOT EXISTS "auth_user_user_permissions_user_id_a95ead1b" ON "auth_user_user_permissions" ("user_id");
CREATE INDEX IF NOT EXISTS "auth_user_user_permissions_permission_id_1fbb5f2c" ON "auth_user_user_permissions" ("permission_id");
CREATE INDEX IF NOT EXISTS "django_admin_log_content_type_id_c4bce8eb" ON "django_admin_log" ("content_type_id");
CREATE INDEX IF NOT EXISTS "django_admin_log_user_id_c564eba6" ON "django_admin_log" ("user_id");
CREATE UNIQUE INDEX "django_content_type_app_label_model_76bd3d3b_uniq" ON "django_content_type" ("app_label", "model");
CREATE UNIQUE INDEX "auth_permission_content_type_id_codename_01ab375a_uniq" ON "auth_permission" ("content_type_id", "codename");
CREATE INDEX IF NOT EXISTS "auth_permission_content_type_id_2f476e4b" ON "auth_permission" ("content_type_id");
CREATE INDEX IF NOT EXISTS "django_session_expire_date_a5c62663" ON "django_session" ("expire_date");
CREATE INDEX IF NOT EXISTS "home_post_user_id_4e975327" ON "home_post" ("user_id");
CREATE UNIQUE INDEX "home_friend_users_friend_id_user_id_ccea7aea_uniq" ON "home_friend_users" ("friend_id", "user_id");
CREATE INDEX IF NOT EXISTS "home_friend_users_friend_id_26bab69d" ON "home_friend_users" ("friend_id");
CREATE INDEX IF NOT EXISTS "home_friend_users_user_id_201ee81b" ON "home_friend_users" ("user_id");
CREATE INDEX IF NOT EXISTS "home_friend_current_user_id_a86fccfb" ON "home_friend" ("current_user_id");
CREATE INDEX IF NOT EXISTS "blog_blogpost_author_id_ffcc150f" ON "blog_blogpost" ("author_id");
CREATE INDEX IF NOT EXISTS "home_comment_comment_body_id_1f019a5f" ON "home_comment" ("comment_body_id");
CREATE INDEX IF NOT EXISTS "home_blogpost_author_id_74311485" ON "home_blogpost" ("author_id");
CREATE TABLE "home_comment" ("id" integer NOT NULL PRIMARY KEY AUTOINCREMENT, "Name" varchar(64) NOT NULL, "date" datetime NOT NULL, "comment" varchar(500) NOT NULL, "comment_body_id" integer NOT NULL REFERENCES "home_blogpost" ("id"));
INSERT INTO "home_comment" VALUES(2,'psycho','2017-09-19 05:54:49.781250','comment_id','comment_body');
INSERT INTO "home_comment" VALUES(3,'shiver','2017-09-19 06:06:28.234375','comment_id','comment_body');
INSERT INTO "home_comment" VALUES(4,'65','2017-09-19 06:09:56.015625','comment_id','comment_body');
INSERT INTO "home_comment" VALUES(5,'44444','2017-09-19 06:10:55.890625','comment_id','comment_body');
INSERT INTO "home_comment" VALUES(6,'aaaaaaaaaaa','2017-09-19 06:41:02.921875','comment_id','comment_body');
INSERT INTO "home_comment" VALUES(11,'e4rq43r34r','2017-09-19 20:58:18.859375','comment_id','comment_body');
INSERT INTO "home_comment" VALUES(12,'eeeeeeeeeeee','2017-09-19 21:29:11.281250','comment_id','comment_body');
INSERT INTO "home_comment" VALUES(13,'nnnnnnnnnnnnn','2017-09-19 21:30:14.718750','comment_id','comment_body');
INSERT INTO "home_comment" VALUES(14,'vvvvvvvvvvvvvvv','2017-09-19 21:30:55.531250','comment_id','comment_body');
INSERT INTO "home_comment" VALUES(15,'cvsdfwer','2017-09-19 21:32:04.203125','comment_id','comment_body');
INSERT INTO "home_comment" VALUES(16,'psycho','2017-09-19 22:19:48.312500','comment_id','comment_body');
INSERT INTO "home_comment" VALUES(17,'war','2017-09-19 22:30:55.468750','comment_id','comment_body');
INSERT INTO "home_comment" VALUES(18,'2','2017-09-19 22:43:52.312500','comment_id','comment_body');
INSERT INTO "home_comment" VALUES(19,'ty8','2017-09-19 23:26:23.500000','comment_id','comment_body');
INSERT INTO "home_comment" VALUES(20,'0','2017-09-19 23:52:41.062500','comment_id','comment_body');
INSERT INTO "home_comment" VALUES(21,'0','2017-09-19 23:52:41.421875','comment_id','comment_body');
INSERT INTO "home_comment" VALUES(22,'5','2017-09-19 23:53:02.531250','comment_id','comment_body');
INSERT INTO "home_comment" VALUES(23,'upol','2017-09-19 23:57:44.390625','comment_id','comment_body');
INSERT INTO "home_comment" VALUES(24,'rtsundoku','2017-09-20 00:24:59.984375','comment_id','comment_body');
INSERT INTO "home_comment" VALUES(25,'777','2017-09-20 00:25:51.015625','comment_id','comment_body');
INSERT INTO "home_comment" VALUES(26,'yo bro','2017-09-20 00:31:41.578125','comment_id','comment_body');
INSERT INTO "home_comment" VALUES(27,'olkp','2017-09-20 00:54:03.234375','comment_id','comment_body');
INSERT INTO "home_comment" VALUES(28,'ytjrtyu76565','2017-09-20 00:54:43.515625','comment_id','comment_body');
INSERT INTO "home_comment" VALUES(29,'fe','2017-09-20 01:04:31.546875','comment_id','comment_body');
INSERT INTO "home_comment" VALUES(30,'56','2017-09-20 01:04:46.640625','comment_id','comment_body');
INSERT INTO "home_comment" VALUES(31,'ggggggggg','2017-09-20 01:06:04.578125','comment_id','comment_body');
INSERT INTO "home_comment" VALUES(32,'jizz in my pant','2017-09-20 01:06:50.718750','comment_id','comment_body');
INSERT INTO "home_comment" VALUES(33,'jizz in my pant','2017-09-20 01:06:50.781250','comment_id','comment_body');
INSERT INTO "home_comment" VALUES(34,'tek65wat','2017-09-20 01:07:19.406250','comment_id','comment_body');
INSERT INTO "home_comment" VALUES(35,'halorulze','2017-09-20 01:07:37.125000','comment_id','comment_body');
INSERT INTO "home_comment" VALUES(36,'youjith','2017-09-20 01:09:17.250000','comment_id','comment_body');
INSERT INTO "home_comment" VALUES(37,'*','2017-09-20 01:13:06.281250','comment_id','comment_body');
INSERT INTO "home_comment" VALUES(38,'helium','2017-09-21 01:44:07.225686','comment_id','comment_body');
INSERT INTO "home_comment" VALUES(39,'Muhammad','2017-09-22 02:00:23.718750','comment_id','comment_body');
INSERT INTO "home_comment" VALUES(40,'Wat','2017-09-22 02:00:44.734375','comment_id','comment_body');
INSERT INTO "home_comment" VALUES(41,'f','2017-09-22 02:03:24.203125','comment_id','comment_body');
INSERT INTO "home_comment" VALUES(42,'StyleZ','2017-09-22 02:09:21','comment_id','comment_body');
INSERT INTO "home_comment" VALUES(43,'Muhammad','2017-09-22 02:16:57.640625','comment_id','comment_body');
INSERT INTO "home_comment" VALUES(44,'Yasmeen','2017-09-22 02:21:23.046875','comment_id','comment_body');
INSERT INTO "home_comment" VALUES(45,'Fatima','2017-09-22 03:56:07.437500','comment_id','comment_body');
INSERT INTO "home_comment" VALUES(46,'OK Bud','2017-09-22 04:23:35.437500','comment_id','comment_body');
INSERT INTO "home_comment" VALUES(47,'Da CyMoN','2017-09-22 05:34:07.171875','comment_id','comment_body');
INSERT INTO "home_comment" VALUES(48,'Muhammad','2017-09-25 03:49:18.953125','comment_id','comment_body');
INSERT INTO "home_comment" VALUES(49,'Chase N Status','2017-09-28 06:30:50.125000','comment_id','comment_body');
INSERT INTO "home_comment" VALUES(50,'Jack','2017-10-01 03:36:32.593750','comment_id','comment_body');
INSERT INTO "home_comment" VALUES(51,'Zack','2017-10-01 03:37:29.156250','comment_id','comment_body');
INSERT INTO "home_comment" VALUES(52,'Comment count','2017-10-02 04:04:15.687500','comment_id','comment_body');
INSERT INTO "home_comment" VALUES(53,'98ygyio','2017-10-02 05:56:20.968750','comment_id','comment_body');
INSERT INTO "home_comment" VALUES(54,'Chea','2017-10-02 06:25:10.531250','comment_id','comment_body');
INSERT INTO "home_comment" VALUES(55,'dev','2017-10-02 06:36:00.437500','comment_id','comment_body');
INSERT INTO "home_comment" VALUES(57,'Test','2017-10-03 04:32:56.562938','comment_id','comment_body');
INSERT INTO "home_comment" VALUES(58,'ID Kirk','2017-10-04 03:26:18.484375','comment_id','comment_body');
INSERT INTO "home_comment" VALUES(59,'Chea','2017-10-06 15:19:55.417162','comment_id','comment_body');
INSERT INTO "home_comment" VALUES(60,'Mo','2017-10-11 03:52:27.859375','comment_id','comment_body');
INSERT INTO "home_comment" VALUES(61,'Mo','2017-10-12 02:08:20.734375','comment_id','comment_body');
INSERT INTO "home_comment" VALUES(62,'Yasmeen','2017-10-13 01:44:48.421875','comment_id','comment_body');
INSERT INTO "home_comment" VALUES(63,'yasmeen','2017-10-14 13:57:34.984375','comment_id','comment_body');
INSERT INTO "home_comment" VALUES(64,'Mum','2017-10-15 17:15:26.484375','comment_id','comment_body');
INSERT INTO "home_comment" VALUES(66,'tghtryht','2017-10-15 17:37:59.984375','jhtjyetjket6jketjk',4);
INSERT INTO "home_comment" VALUES(67,'o.O>>ID','2017-10-16 00:50:15.296875','Time shots',2);
INSERT INTO "home_comment" VALUES(68,'Cavalero','2017-10-16 00:50:30.718750','Be Awkward',2);
INSERT INTO "home_comment" VALUES(69,'StyleZ','2017-10-16 00:52:51.812500','Wagwaarn',1);
INSERT INTO "home_comment" VALUES(72,'Karwaniunder','2017-10-16 00:54:41.031250','Lol',4);
INSERT INTO "home_comment" VALUES(73,'Cavalero','2017-10-20 15:28:26.375000','.',1);
INSERT INTO "home_comment" VALUES(74,'So it''s war','2017-10-20 15:32:16.625000','K Dalgpop',1);
INSERT INTO "home_comment" VALUES(76,'Wat','2017-10-20 23:14:44.171875','65 wat',1);
INSERT INTO "home_comment" VALUES(81,'afsf','2017-10-22 05:09:32.781250','sggdf',1);
INSERT INTO "home_comment" VALUES(82,'trhy','2017-10-22 07:19:30.640625','rthrehrh',6);
INSERT INTO "home_comment" VALUES(84,'Mo','2017-10-25 17:57:30.859375','OG GAME',3);
INSERT INTO "home_comment" VALUES(85,'ed','2017-10-29 00:50:20.484375','its all der',6);
INSERT INTO "home_comment" VALUES(86,'HondaMaster','2017-11-20 01:29:53.593750','LOLski',4);
INSERT INTO "home_comment" VALUES(87,'t5y54w','2017-12-03 05:24:03.754782','yrtwyhwrth',4);
INSERT INTO "home_comment" VALUES(91,'Davendra','2018-01-19 01:35:49.890159','Don''t get it bro, allow it.',9);
INSERT INTO "home_comment" VALUES(92,'Atish','2018-01-27 22:08:43.039183','What''s better? TinyMCE or CKEditor? Thoughts?',12);
INSERT INTO "home_comment" VALUES(93,'Dach','2018-02-04 20:46:46.139124','Banglawala',9);
INSERT INTO "home_comment" VALUES(94,'May','2018-02-11 19:50:25.484698','This is quite cool bra.',9);
INSERT INTO "home_comment" VALUES(95,'Viktor','2018-02-12 02:17:59.543275','Wow that is awesomeness^2',14);
INSERT INTO "home_comment" VALUES(96,'moh','2018-02-25 02:44:23.060291','so at the moment user check is provided after pressing submit button but not actively whilst the user is typing.',18);
INSERT INTO "home_comment" VALUES(97,'moh','2018-02-25 02:44:28.614303','need to make sure people dont have identical email address',18);
INSERT INTO "home_comment" VALUES(98,'moh','2018-02-25 02:44:48.129875','not dont have identical but cant have identical email addresses',18);
CREATE UNIQUE INDEX "auth_group_permissions_group_id_permission_id_0cd325b0_uniq" ON "auth_group_permissions" ("group_id", "permission_id");
CREATE INDEX IF NOT EXISTS "auth_group_permissions_group_id_b120cbf9" ON "auth_group_permissions" ("group_id");
CREATE INDEX IF NOT EXISTS "auth_group_permissions_permission_id_84c5c92e" ON "auth_group_permissions" ("permission_id");
CREATE UNIQUE INDEX "auth_user_groups_user_id_group_id_94350c0c_uniq" ON "auth_user_groups" ("user_id", "group_id");
CREATE INDEX IF NOT EXISTS "auth_user_groups_user_id_6a12ed8b" ON "auth_user_groups" ("user_id");
CREATE INDEX IF NOT EXISTS "auth_user_groups_group_id_97559544" ON "auth_user_groups" ("group_id");
CREATE UNIQUE INDEX "auth_user_user_permissions_user_id_permission_id_14a6b632_uniq" ON "auth_user_user_permissions" ("user_id", "permission_id");
CREATE INDEX IF NOT EXISTS "auth_user_user_permissions_user_id_a95ead1b" ON "auth_user_user_permissions" ("user_id");
CREATE INDEX IF NOT EXISTS "auth_user_user_permissions_permission_id_1fbb5f2c" ON "auth_user_user_permissions" ("permission_id");
CREATE INDEX IF NOT EXISTS "django_admin_log_content_type_id_c4bce8eb" ON "django_admin_log" ("content_type_id");
CREATE INDEX IF NOT EXISTS "django_admin_log_user_id_c564eba6" ON "django_admin_log" ("user_id");
CREATE UNIQUE INDEX "django_content_type_app_label_model_76bd3d3b_uniq" ON "django_content_type" ("app_label", "model");
CREATE UNIQUE INDEX "auth_permission_content_type_id_codename_01ab375a_uniq" ON "auth_permission" ("content_type_id", "codename");
CREATE INDEX IF NOT EXISTS "auth_permission_content_type_id_2f476e4b" ON "auth_permission" ("content_type_id");
CREATE INDEX IF NOT EXISTS "django_session_expire_date_a5c62663" ON "django_session" ("expire_date");
CREATE INDEX IF NOT EXISTS "home_post_user_id_4e975327" ON "home_post" ("user_id");
CREATE UNIQUE INDEX "home_friend_users_friend_id_user_id_ccea7aea_uniq" ON "home_friend_users" ("friend_id", "user_id");
CREATE INDEX IF NOT EXISTS "home_friend_users_friend_id_26bab69d" ON "home_friend_users" ("friend_id");
CREATE INDEX IF NOT EXISTS "home_friend_users_user_id_201ee81b" ON "home_friend_users" ("user_id");
CREATE INDEX IF NOT EXISTS "home_friend_current_user_id_a86fccfb" ON "home_friend" ("current_user_id");
CREATE INDEX IF NOT EXISTS "blog_blogpost_author_id_ffcc150f" ON "blog_blogpost" ("author_id");
CREATE INDEX IF NOT EXISTS "home_comment_comment_body_id_1f019a5f" ON "home_comment" ("comment_body_id");
CREATE INDEX IF NOT EXISTS "home_blogpost_author_id_74311485" ON "home_blogpost" ("author_id");
CREATE TABLE "home_friend" ("id" integer NOT NULL PRIMARY KEY AUTOINCREMENT, "current_user_id" integer NULL REFERENCES "auth_user" ("id"));
INSERT INTO "home_friend" VALUES(3,1);
INSERT INTO "home_friend" VALUES(4,45);
INSERT INTO "home_friend" VALUES(5,46);
INSERT INTO "home_friend" VALUES(6,47);
INSERT INTO "home_friend" VALUES(7,48);
INSERT INTO "home_friend" VALUES(8,49);
INSERT INTO "home_friend" VALUES(9,50);
INSERT INTO "home_friend" VALUES(10,51);
INSERT INTO "home_friend" VALUES(11,52);
INSERT INTO "home_friend" VALUES(12,53);
INSERT INTO "home_friend" VALUES(13,54);
INSERT INTO "home_friend" VALUES(14,55);
INSERT INTO "home_friend" VALUES(15,56);
INSERT INTO "home_friend" VALUES(16,57);
CREATE UNIQUE INDEX "auth_group_permissions_group_id_permission_id_0cd325b0_uniq" ON "auth_group_permissions" ("group_id", "permission_id");
CREATE INDEX IF NOT EXISTS "auth_group_permissions_group_id_b120cbf9" ON "auth_group_permissions" ("group_id");
CREATE INDEX IF NOT EXISTS "auth_group_permissions_permission_id_84c5c92e" ON "auth_group_permissions" ("permission_id");
CREATE UNIQUE INDEX "auth_user_groups_user_id_group_id_94350c0c_uniq" ON "auth_user_groups" ("user_id", "group_id");
CREATE INDEX IF NOT EXISTS "auth_user_groups_user_id_6a12ed8b" ON "auth_user_groups" ("user_id");
CREATE INDEX IF NOT EXISTS "auth_user_groups_group_id_97559544" ON "auth_user_groups" ("group_id");
CREATE UNIQUE INDEX "auth_user_user_permissions_user_id_permission_id_14a6b632_uniq" ON "auth_user_user_permissions" ("user_id", "permission_id");
CREATE INDEX IF NOT EXISTS "auth_user_user_permissions_user_id_a95ead1b" ON "auth_user_user_permissions" ("user_id");
CREATE INDEX IF NOT EXISTS "auth_user_user_permissions_permission_id_1fbb5f2c" ON "auth_user_user_permissions" ("permission_id");
CREATE INDEX IF NOT EXISTS "django_admin_log_content_type_id_c4bce8eb" ON "django_admin_log" ("content_type_id");
CREATE INDEX IF NOT EXISTS "django_admin_log_user_id_c564eba6" ON "django_admin_log" ("user_id");
CREATE UNIQUE INDEX "django_content_type_app_label_model_76bd3d3b_uniq" ON "django_content_type" ("app_label", "model");
CREATE UNIQUE INDEX "auth_permission_content_type_id_codename_01ab375a_uniq" ON "auth_permission" ("content_type_id", "codename");
CREATE INDEX IF NOT EXISTS "auth_permission_content_type_id_2f476e4b" ON "auth_permission" ("content_type_id");
CREATE INDEX IF NOT EXISTS "django_session_expire_date_a5c62663" ON "django_session" ("expire_date");
CREATE INDEX IF NOT EXISTS "home_post_user_id_4e975327" ON "home_post" ("user_id");
CREATE UNIQUE INDEX "home_friend_users_friend_id_user_id_ccea7aea_uniq" ON "home_friend_users" ("friend_id", "user_id");
CREATE INDEX IF NOT EXISTS "home_friend_users_friend_id_26bab69d" ON "home_friend_users" ("friend_id");
CREATE INDEX IF NOT EXISTS "home_friend_users_user_id_201ee81b" ON "home_friend_users" ("user_id");
CREATE INDEX IF NOT EXISTS "home_friend_current_user_id_a86fccfb" ON "home_friend" ("current_user_id");
CREATE INDEX IF NOT EXISTS "blog_blogpost_author_id_ffcc150f" ON "blog_blogpost" ("author_id");
CREATE INDEX IF NOT EXISTS "home_comment_comment_body_id_1f019a5f" ON "home_comment" ("comment_body_id");
CREATE INDEX IF NOT EXISTS "home_blogpost_author_id_74311485" ON "home_blogpost" ("author_id");
CREATE TABLE "home_friend_users" ("id" integer NOT NULL PRIMARY KEY AUTOINCREMENT, "friend_id" integer NOT NULL REFERENCES "home_friend" ("id"), "user_id" integer NOT NULL REFERENCES "auth_user" ("id"));
INSERT INTO "home_friend_users" VALUES(10,3,9);
INSERT INTO "home_friend_users" VALUES(11,3,5);
INSERT INTO "home_friend_users" VALUES(12,3,6);
INSERT INTO "home_friend_users" VALUES(14,3,4);
INSERT INTO "home_friend_users" VALUES(18,3,7);
INSERT INTO "home_friend_users" VALUES(19,3,12);
INSERT INTO "home_friend_users" VALUES(20,3,25);
INSERT INTO "home_friend_users" VALUES(22,3,11);
INSERT INTO "home_friend_users" VALUES(23,3,32);
INSERT INTO "home_friend_users" VALUES(24,3,33);
INSERT INTO "home_friend_users" VALUES(25,3,38);
INSERT INTO "home_friend_users" VALUES(26,5,43);
INSERT INTO "home_friend_users" VALUES(27,5,1);
INSERT INTO "home_friend_users" VALUES(28,6,46);
INSERT INTO "home_friend_users" VALUES(30,6,1);
INSERT INTO "home_friend_users" VALUES(31,3,47);
INSERT INTO "home_friend_users" VALUES(32,7,9);
INSERT INTO "home_friend_users" VALUES(33,3,50);
INSERT INTO "home_friend_users" VALUES(35,14,2);
INSERT INTO "home_friend_users" VALUES(36,12,1);
INSERT INTO "home_friend_users" VALUES(38,3,10);
INSERT INTO "home_friend_users" VALUES(39,3,13);
INSERT INTO "home_friend_users" VALUES(42,3,8);
INSERT INTO "home_friend_users" VALUES(43,3,2);
CREATE UNIQUE INDEX "auth_group_permissions_group_id_permission_id_0cd325b0_uniq" ON "auth_group_permissions" ("group_id", "permission_id");
CREATE INDEX IF NOT EXISTS "auth_group_permissions_group_id_b120cbf9" ON "auth_group_permissions" ("group_id");
CREATE INDEX IF NOT EXISTS "auth_group_permissions_permission_id_84c5c92e" ON "auth_group_permissions" ("permission_id");
CREATE UNIQUE INDEX "auth_user_groups_user_id_group_id_94350c0c_uniq" ON "auth_user_groups" ("user_id", "group_id");
CREATE INDEX IF NOT EXISTS "auth_user_groups_user_id_6a12ed8b" ON "auth_user_groups" ("user_id");
CREATE INDEX IF NOT EXISTS "auth_user_groups_group_id_97559544" ON "auth_user_groups" ("group_id");
CREATE UNIQUE INDEX "auth_user_user_permissions_user_id_permission_id_14a6b632_uniq" ON "auth_user_user_permissions" ("user_id", "permission_id");
CREATE INDEX IF NOT EXISTS "auth_user_user_permissions_user_id_a95ead1b" ON "auth_user_user_permissions" ("user_id");
CREATE INDEX IF NOT EXISTS "auth_user_user_permissions_permission_id_1fbb5f2c" ON "auth_user_user_permissions" ("permission_id");
CREATE INDEX IF NOT EXISTS "django_admin_log_content_type_id_c4bce8eb" ON "django_admin_log" ("content_type_id");
CREATE INDEX IF NOT EXISTS "django_admin_log_user_id_c564eba6" ON "django_admin_log" ("user_id");
CREATE UNIQUE INDEX "django_content_type_app_label_model_76bd3d3b_uniq" ON "django_content_type" ("app_label", "model");
CREATE UNIQUE INDEX "auth_permission_content_type_id_codename_01ab375a_uniq" ON "auth_permission" ("content_type_id", "codename");
CREATE INDEX IF NOT EXISTS "auth_permission_content_type_id_2f476e4b" ON "auth_permission" ("content_type_id");
CREATE INDEX IF NOT EXISTS "django_session_expire_date_a5c62663" ON "django_session" ("expire_date");
CREATE INDEX IF NOT EXISTS "home_post_user_id_4e975327" ON "home_post" ("user_id");
CREATE UNIQUE INDEX "home_friend_users_friend_id_user_id_ccea7aea_uniq" ON "home_friend_users" ("friend_id", "user_id");
CREATE INDEX IF NOT EXISTS "home_friend_users_friend_id_26bab69d" ON "home_friend_users" ("friend_id");
CREATE INDEX IF NOT EXISTS "home_friend_users_user_id_201ee81b" ON "home_friend_users" ("user_id");
CREATE INDEX IF NOT EXISTS "home_friend_current_user_id_a86fccfb" ON "home_friend" ("current_user_id");
CREATE INDEX IF NOT EXISTS "blog_blogpost_author_id_ffcc150f" ON "blog_blogpost" ("author_id");
CREATE INDEX IF NOT EXISTS "home_comment_comment_body_id_1f019a5f" ON "home_comment" ("comment_body_id");
CREATE INDEX IF NOT EXISTS "home_blogpost_author_id_74311485" ON "home_blogpost" ("author_id");
CREATE TABLE "home_post" ("id" integer NOT NULL PRIMARY KEY AUTOINCREMENT, "post" varchar(500) NOT NULL, "user_id" integer NOT NULL REFERENCES "auth_user" ("id"), "created" datetime NOT NULL, "updated" datetime NOT NULL);
INSERT INTO "home_post" VALUES(1,'lol',1,'2017-08-02 00:38:35.115125','2017-08-02 00:38:35.146375');
INSERT INTO "home_post" VALUES(2,'sdfsd',1,'2017-08-02 00:38:35.115125','2017-08-02 00:38:35.146375');
INSERT INTO "home_post" VALUES(3,'printer',1,'2017-08-02 00:38:35.115125','2017-08-02 00:38:35.146375');
INSERT INTO "home_post" VALUES(4,'kk bud',1,'2017-08-02 00:38:35.115125','2017-08-02 00:38:35.146375');
INSERT INTO "home_post" VALUES(5,'kk',1,'2017-08-02 00:38:35.115125','2017-08-02 00:38:35.146375');
INSERT INTO "home_post" VALUES(6,'war',1,'2017-08-02 00:38:45.365125','2017-08-02 00:38:45.365125');
INSERT INTO "home_post" VALUES(7,'waow',1,'2017-08-02 00:39:24.224500','2017-08-02 00:39:24.224500');
INSERT INTO "home_post" VALUES(8,'xd',1,'2017-08-02 00:40:04.958875','2017-08-02 00:40:04.958875');
INSERT INTO "home_post" VALUES(9,'wat',1,'2017-08-02 00:49:41.912000','2017-08-02 00:49:41.912000');
INSERT INTO "home_post" VALUES(10,'g7g4h',1,'2017-08-02 00:53:15.443250','2017-08-02 00:53:15.443250');
INSERT INTO "home_post" VALUES(11,'haha',1,'2017-08-02 01:09:37.599500','2017-08-02 01:09:37.599500');
INSERT INTO "home_post" VALUES(12,'65wat',1,'2017-08-02 14:19:42.531250','2017-08-02 14:19:42.531250');
INSERT INTO "home_post" VALUES(13,'heh',1,'2017-08-03 05:07:24.231000','2017-08-03 05:07:24.231000');
INSERT INTO "home_post" VALUES(14,'swagwozere',9,'2017-08-03 05:08:04.402875','2017-08-03 05:08:04.402875');
INSERT INTO "home_post" VALUES(15,'eksD',11,'2017-08-03 05:13:35.734375','2017-08-03 05:13:35.734375');
INSERT INTO "home_post" VALUES(16,'wat',1,'2017-08-03 05:18:22.656250','2017-08-03 05:18:22.656250');
INSERT INTO "home_post" VALUES(17,'eh chakdhe',12,'2017-08-03 05:20:43.343750','2017-08-03 05:20:43.343750');
INSERT INTO "home_post" VALUES(18,'hehehehe',9,'2017-08-03 05:23:18.250000','2017-08-03 05:23:18.250000');
INSERT INTO "home_post" VALUES(19,'mmmkayyy',12,'2017-08-03 05:23:57.765625','2017-08-03 05:23:57.765625');
INSERT INTO "home_post" VALUES(20,'huh',14,'2017-08-03 05:31:08.437500','2017-08-03 05:31:08.437500');
INSERT INTO "home_post" VALUES(21,'yayayayaya',16,'2017-08-03 05:40:00.437500','2017-08-03 05:40:00.437500');
INSERT INTO "home_post" VALUES(22,';l'';lk''',16,'2017-08-03 05:41:11.203125','2017-08-03 05:41:11.203125');
INSERT INTO "home_post" VALUES(23,'drf',17,'2017-08-03 05:44:16.140625','2017-08-03 05:44:16.140625');
INSERT INTO "home_post" VALUES(24,'wat da fok',18,'2017-08-03 06:13:44.781250','2017-08-03 06:13:44.781250');
INSERT INTO "home_post" VALUES(25,'another one',19,'2017-08-03 14:37:44.578125','2017-08-03 14:37:44.609375');
INSERT INTO "home_post" VALUES(26,'so that works',20,'2017-08-03 14:57:29.562500','2017-08-03 14:57:29.562500');
INSERT INTO "home_post" VALUES(27,'huh',23,'2017-08-05 00:49:35.003699','2017-08-05 00:49:35.003699');
INSERT INTO "home_post" VALUES(28,'loool',1,'2017-08-05 00:49:51.566199','2017-08-05 00:49:51.566199');
INSERT INTO "home_post" VALUES(29,'k den',24,'2017-08-05 00:51:30.066199','2017-08-05 00:51:30.066199');
INSERT INTO "home_post" VALUES(30,'bruh',24,'2017-08-05 01:00:04.456824','2017-08-05 01:00:04.456824');
INSERT INTO "home_post" VALUES(31,'am back',1,'2017-08-05 20:19:27.015625','2017-08-05 20:19:27.015625');
INSERT INTO "home_post" VALUES(32,'sss',1,'2017-08-06 00:56:50.593750','2017-08-06 00:56:50.593750');
INSERT INTO "home_post" VALUES(33,'wat',1,'2017-08-06 01:02:19.875000','2017-08-06 01:02:19.875000');
INSERT INTO "home_post" VALUES(34,'stop bein lazeh',1,'2017-08-10 03:55:00.733154','2017-08-10 03:55:00.733154');
INSERT INTO "home_post" VALUES(35,'ertf',1,'2017-08-10 04:49:56.138625','2017-08-10 04:49:56.138625');
INSERT INTO "home_post" VALUES(36,'asd',1,'2017-08-10 05:23:23.607375','2017-08-10 05:23:23.607375');
INSERT INTO "home_post" VALUES(37,'l;''kmjb',1,'2017-08-10 05:32:37.013625','2017-08-10 05:32:37.013625');
INSERT INTO "home_post" VALUES(38,'lel',1,'2017-08-10 05:40:59.529250','2017-08-10 05:40:59.529250');
INSERT INTO "home_post" VALUES(39,'to have differetn styling on diff webpage create the different style sheets in the SAME static folder and then just put <link...> in {%body%} of relevenat html page',1,'2017-08-10 15:10:26.140625','2017-08-10 15:10:26.140625');
INSERT INTO "home_post" VALUES(40,'5',1,'2017-08-11 00:18:09.531250','2017-08-11 00:18:09.531250');
INSERT INTO "home_post" VALUES(41,'war',1,'2017-08-11 00:28:08.890625','2017-08-11 00:28:08.890625');
INSERT INTO "home_post" VALUES(42,'65 war',1,'2017-08-11 00:46:17.703125','2017-08-11 00:46:17.703125');
INSERT INTO "home_post" VALUES(43,'wetret',1,'2017-08-11 22:33:48.886807','2017-08-11 22:33:48.886807');
INSERT INTO "home_post" VALUES(44,'does this still work',1,'2017-08-14 05:29:18.465445','2017-08-14 05:29:18.465445');
INSERT INTO "home_post" VALUES(45,'ol',1,'2017-08-14 05:40:15.137320','2017-08-14 05:40:15.137320');
INSERT INTO "home_post" VALUES(46,'dsfdf',1,'2017-08-16 02:28:12.609375','2017-08-16 02:28:12.609375');
INSERT INTO "home_post" VALUES(47,'65wat',1,'2017-08-17 03:30:31.136331','2017-08-17 03:30:31.136331');
INSERT INTO "home_post" VALUES(48,'kk den',1,'2017-08-17 15:30:50.718750','2017-08-17 15:30:50.718750');
INSERT INTO "home_post" VALUES(49,'css is hard',1,'2017-08-18 03:30:52.421875','2017-08-18 03:30:52.421875');
INSERT INTO "home_post" VALUES(50,'Harshad',1,'2017-08-18 04:22:29.687500','2017-08-18 04:22:29.687500');
INSERT INTO "home_post" VALUES(51,'yo',1,'2017-08-20 19:58:08.203125','2017-08-20 19:58:08.203125');
INSERT INTO "home_post" VALUES(52,'lelz0r',1,'2017-08-20 20:01:33.375000','2017-08-20 20:01:33.375000');
INSERT INTO "home_post" VALUES(53,'lel',1,'2017-08-21 05:15:36.859375','2017-08-21 05:15:36.859375');
INSERT INTO "home_post" VALUES(54,'enter da correct ansa',1,'2017-08-21 05:24:25.156250','2017-08-21 05:24:25.156250');
INSERT INTO "home_post" VALUES(55,'fgfdg',1,'2017-08-23 03:36:11.687500','2017-08-23 03:36:11.687500');
INSERT INTO "home_post" VALUES(56,'well',1,'2017-08-24 01:05:32.375000','2017-08-24 01:05:32.375000');
INSERT INTO "home_post" VALUES(57,'lolper',1,'2017-08-24 01:05:41.687500','2017-08-24 01:05:41.687500');
INSERT INTO "home_post" VALUES(58,'wa u fink',1,'2017-08-24 01:52:11.703125','2017-08-24 01:52:11.703125');
INSERT INTO "home_post" VALUES(59,'den',1,'2017-08-24 04:34:45.531250','2017-08-24 04:34:45.531250');
INSERT INTO "home_post" VALUES(61,'huh',1,'2017-08-26 03:32:51','2017-08-26 03:32:51');
INSERT INTO "home_post" VALUES(62,'wat',1,'2017-08-26 03:32:56.984375','2017-08-26 03:32:56.984375');
INSERT INTO "home_post" VALUES(63,'sdfsdf',1,'2017-08-26 20:07:07.615250','2017-08-26 20:07:07.615250');
INSERT INTO "home_post" VALUES(64,'erfewf',1,'2017-08-26 20:14:41.115250','2017-08-26 20:14:41.115250');
INSERT INTO "home_post" VALUES(65,'sept1st',1,'2017-08-26 20:15:22.927750','2017-08-26 20:15:22.927750');
INSERT INTO "home_post" VALUES(66,'huh',1,'2017-08-26 20:29:08.990250','2017-08-26 20:29:08.990250');
INSERT INTO "home_post" VALUES(67,'y0',1,'2017-08-26 20:32:56.318375','2017-08-26 20:32:56.318375');
INSERT INTO "home_post" VALUES(68,'wtfff',1,'2017-08-26 20:38:46.193375','2017-08-26 20:38:46.193375');
INSERT INTO "home_post" VALUES(69,'dur it stil woyk',1,'2017-08-26 20:39:54.880875','2017-08-26 20:39:54.880875');
INSERT INTO "home_post" VALUES(70,'hooeerr',1,'2017-08-26 20:39:58.490250','2017-08-26 20:39:58.490250');
INSERT INTO "home_post" VALUES(71,'asd',1,'2017-08-26 20:49:34.834000','2017-08-26 20:49:34.834000');
INSERT INTO "home_post" VALUES(72,'chea''',1,'2017-08-26 23:28:11.599625','2017-08-26 23:28:11.599625');
INSERT INTO "home_post" VALUES(73,'sdfsf',1,'2017-08-26 23:46:28.115250','2017-08-26 23:46:28.115250');
INSERT INTO "home_post" VALUES(74,'dfgbdff',1,'2017-08-26 23:51:51.271500','2017-08-26 23:51:51.271500');
INSERT INTO "home_post" VALUES(75,'instance',1,'2017-08-27 00:23:50.875000','2017-08-27 00:23:50.875000');
INSERT INTO "home_post" VALUES(76,'gff',1,'2017-08-27 00:36:03.468750','2017-08-27 00:36:03.468750');
INSERT INTO "home_post" VALUES(77,'gtrfjhtyjktdyjtdj',45,'2017-08-27 00:45:04.437500','2017-08-27 00:45:04.437500');
INSERT INTO "home_post" VALUES(78,'back again',1,'2017-08-27 00:56:02.265625','2017-08-27 00:56:02.265625');
INSERT INTO "home_post" VALUES(79,'signals aint working',1,'2017-08-27 01:06:47.328125','2017-08-27 01:06:47.328125');
INSERT INTO "home_post" VALUES(80,'huh',1,'2017-08-27 21:33:56.656250','2017-08-27 21:33:56.656250');
INSERT INTO "home_post" VALUES(81,'ikuk',1,'2017-08-27 21:36:50.718750','2017-08-27 21:36:50.718750');
INSERT INTO "home_post" VALUES(82,'udee',46,'2017-08-27 21:37:39.609375','2017-08-27 21:37:39.609375');
INSERT INTO "home_post" VALUES(83,'password change on new user workx',46,'2017-08-27 21:39:12','2017-08-27 21:39:12');
INSERT INTO "home_post" VALUES(84,'ok me',47,'2017-08-28 02:23:48.968750','2017-08-28 02:23:48.968750');
INSERT INTO "home_post" VALUES(85,'again',47,'2017-08-28 02:24:03.562500','2017-08-28 02:24:03.562500');
INSERT INTO "home_post" VALUES(86,'k',1,'2017-08-28 02:31:26.515625','2017-08-28 02:31:26.531250');
INSERT INTO "home_post" VALUES(87,'yay',1,'2017-08-28 03:23:32.250000','2017-08-28 03:23:32.250000');
INSERT INTO "home_post" VALUES(88,'kln',1,'2017-08-28 22:16:40.773817','2017-08-28 22:16:40.773817');
INSERT INTO "home_post" VALUES(89,'k den',48,'2017-08-30 02:20:27.093750','2017-08-30 02:20:27.093750');
INSERT INTO "home_post" VALUES(90,'jn',1,'2017-08-30 03:59:39.453125','2017-08-30 03:59:39.453125');
INSERT INTO "home_post" VALUES(91,'hun',1,'2017-09-04 05:42:08.921875','2017-09-04 05:42:08.921875');
INSERT INTO "home_post" VALUES(92,'+',1,'2017-09-04 05:42:17.656250','2017-09-04 05:42:17.656250');
INSERT INTO "home_post" VALUES(93,'esdgfedg',1,'2017-09-04 15:20:57.062500','2017-09-04 15:20:57.062500');
INSERT INTO "home_post" VALUES(94,'rtertr',1,'2017-09-05 00:12:28.128750','2017-09-05 00:12:28.128750');
INSERT INTO "home_post" VALUES(95,'dddd',1,'2017-09-05 00:15:53.722500','2017-09-05 00:15:53.722500');
INSERT INTO "home_post" VALUES(96,'65 wat',1,'2017-09-05 00:30:08.078125','2017-09-05 00:30:08.078125');
INSERT INTO "home_post" VALUES(97,'y0',54,'2017-09-05 04:39:45.984375','2017-09-05 04:39:45.984375');
INSERT INTO "home_post" VALUES(98,'tgretg',1,'2017-09-06 00:46:56.140625','2017-09-06 00:46:56.140625');
INSERT INTO "home_post" VALUES(99,'wer u at badenscoth',1,'2017-09-06 01:13:08.203125','2017-09-06 01:13:08.203125');
INSERT INTO "home_post" VALUES(100,'dfew4rt',55,'2017-09-06 03:20:30.812500','2017-09-06 03:20:30.812500');
INSERT INTO "home_post" VALUES(101,'kemcho',1,'2017-09-07 00:42:39.265625','2017-09-07 00:42:39.265625');
INSERT INTO "home_post" VALUES(102,'how do i connect p.author.username i.e. the author of the post to the user profile',53,'2017-09-07 01:31:51.093750','2017-09-07 01:31:51.093750');
INSERT INTO "home_post" VALUES(103,'page',1,'2017-09-07 04:24:17.375000','2017-09-07 04:24:17.375000');
INSERT INTO "home_post" VALUES(104,'erfewf',53,'2017-09-07 04:31:45.890625','2017-09-07 04:31:45.906250');
INSERT INTO "home_post" VALUES(105,'gffhfhf',53,'2017-09-07 06:20:06.046875','2017-09-07 06:20:06.046875');
INSERT INTO "home_post" VALUES(106,'kk bud',53,'2017-09-07 14:37:02.953125','2017-09-07 14:37:02.953125');
INSERT INTO "home_post" VALUES(107,'yh',53,'2017-09-07 14:57:09.921875','2017-09-07 14:57:09.921875');
INSERT INTO "home_post" VALUES(108,'hj',53,'2017-09-08 01:27:38.062500','2017-09-08 01:27:38.062500');
INSERT INTO "home_post" VALUES(109,'cannae get it teh work',53,'2017-09-08 01:40:52.875000','2017-09-08 01:40:52.875000');
INSERT INTO "home_post" VALUES(110,'ff',1,'2017-09-08 03:49:39.234375','2017-09-08 03:49:39.234375');
INSERT INTO "home_post" VALUES(111,'erfewf',1,'2017-09-08 05:25:39.828125','2017-09-08 05:25:39.828125');
INSERT INTO "home_post" VALUES(112,'yh',1,'2017-09-10 01:44:54.116967','2017-09-10 01:44:54.116967');
INSERT INTO "home_post" VALUES(113,'new user = D',56,'2017-09-10 03:45:55.351342','2017-09-10 03:45:55.351342');
INSERT INTO "home_post" VALUES(114,'dat guy welbz',1,'2017-09-10 04:55:04.960717','2017-09-10 04:55:04.960717');
INSERT INTO "home_post" VALUES(115,'edited change password form xD',1,'2017-09-10 05:54:45.038250','2017-09-10 05:54:45.038250');
INSERT INTO "home_post" VALUES(116,'iojhiyg]',1,'2017-09-11 01:41:00.566125','2017-09-11 01:41:00.566125');
INSERT INTO "home_post" VALUES(117,'ewrfewgtfewg',1,'2017-09-11 03:13:15.437500','2017-09-11 03:13:15.437500');
INSERT INTO "home_post" VALUES(118,'kk bud',1,'2017-09-11 06:21:17.593750','2017-09-11 06:21:17.593750');
INSERT INTO "home_post" VALUES(119,'gfhdrh',1,'2017-09-11 06:40:40.203125','2017-09-11 06:40:40.203125');
INSERT INTO "home_post" VALUES(120,'lk.ijk-0',1,'2017-09-12 01:14:49.468750','2017-09-12 01:14:49.468750');
INSERT INTO "home_post" VALUES(121,'therthy',1,'2017-09-12 04:56:28.312500','2017-09-12 04:56:28.312500');
INSERT INTO "home_post" VALUES(122,'ewrte4tyttttttttttttttttttttttttttttttttttttttttttttttttttttttttttttttttttttttttttttttttttttttttttttttttttttttttttttttttttttttttttttttttttttttttttttttttttttttttt',1,'2017-09-13 15:25:55.953125','2017-09-13 15:25:55.953125');
INSERT INTO "home_post" VALUES(123,'76u6786jgyjghtfi768768uyjghjjfghjgfjt7869e6967tyjgyjgdfhw65787w65wtysrththsrthsrtgsgse4546yylolololololooasdakfkokfokofekokroekrokeworkefdsl,vldmfbkmoyekayte5yerg',1,'2017-09-14 03:04:51.078125','2017-09-14 03:04:51.078125');
INSERT INTO "home_post" VALUES(124,'ewrte4tyttttttttttttttttttttttttttttttttttttttttttttttttttttttttttttttttttttttttttttttttttttttttttttttttttttttttttttttttttttttttttttttttttttttttttt',1,'2017-09-14 04:35:44.062500','2017-09-14 04:35:44.062500');
INSERT INTO "home_post" VALUES(125,'hell yeah',1,'2017-09-14 15:09:48.296875','2017-09-14 15:09:48.296875');
INSERT INTO "home_post" VALUES(126,'huh',1,'2017-09-15 01:41:51.500000','2017-09-15 01:41:51.500000');
INSERT INTO "home_post" VALUES(127,'badenscoth were u at fam',1,'2017-09-15 06:11:58.265625','2017-09-15 06:11:58.265625');
INSERT INTO "home_post" VALUES(128,'jhgh',1,'2017-09-17 01:49:23.156250','2017-09-17 01:49:23.156250');
INSERT INTO "home_post" VALUES(129,'erferf',1,'2017-09-17 02:29:07.765625','2017-09-17 02:29:07.765625');
INSERT INTO "home_post" VALUES(130,'werfefaf',1,'2017-09-17 02:56:44.093750','2017-09-17 02:56:44.093750');
INSERT INTO "home_post" VALUES(131,'LOL',1,'2017-09-17 03:19:33.750000','2017-09-17 03:19:33.750000');
INSERT INTO "home_post" VALUES(132,'LMFAO',1,'2017-09-17 03:20:44.093750','2017-09-17 03:20:44.093750');
INSERT INTO "home_post" VALUES(133,'LMAO',1,'2017-09-17 03:21:42.296875','2017-09-17 03:21:42.296875');
INSERT INTO "home_post" VALUES(134,'huh',1,'2017-09-17 03:23:13.296875','2017-09-17 03:23:13.296875');
INSERT INTO "home_post" VALUES(135,'huh',1,'2017-09-17 03:25:50.859375','2017-09-17 03:25:50.859375');
INSERT INTO "home_post" VALUES(136,'guyjtyuj',1,'2017-09-17 03:26:55.781250','2017-09-17 03:26:55.781250');
INSERT INTO "home_post" VALUES(137,'guyjtyuj',1,'2017-09-17 03:26:55.890625','2017-09-17 03:26:55.890625');
INSERT INTO "home_post" VALUES(138,'t4',1,'2017-09-17 03:27:19.406250','2017-09-17 03:27:19.406250');
INSERT INTO "home_post" VALUES(139,'t4',1,'2017-09-17 03:27:19.515625','2017-09-17 03:27:19.515625');
INSERT INTO "home_post" VALUES(140,'asd435434536',1,'2017-09-17 03:27:44.156250','2017-09-17 03:27:44.156250');
INSERT INTO "home_post" VALUES(141,'sdfety457y465yhr',1,'2017-09-17 03:27:54.828125','2017-09-17 03:27:54.828125');
INSERT INTO "home_post" VALUES(142,'well well well',1,'2017-09-17 04:29:17.703125','2017-09-17 04:29:17.703125');
INSERT INTO "home_post" VALUES(143,'wewwefewfewf',1,'2017-09-17 04:46:32.203125','2017-09-17 04:46:32.203125');
INSERT INTO "home_post" VALUES(144,'wefewgteqrgeqrgh45637yth',1,'2017-09-17 04:54:12.906250','2017-09-17 04:54:12.906250');
INSERT INTO "home_post" VALUES(145,'vbgfchnet7yju',1,'2017-09-17 05:04:25.375000','2017-09-17 05:04:25.375000');
INSERT INTO "home_post" VALUES(146,'u gimme a tuba ill get ya somethin outta it',1,'2017-09-17 05:15:04.421875','2017-09-17 05:15:04.421875');
INSERT INTO "home_post" VALUES(147,'ghjhgjhj',1,'2017-09-17 05:28:12.500000','2017-09-17 05:28:12.500000');
INSERT INTO "home_post" VALUES(148,'lol',1,'2017-09-17 15:19:07.781250','2017-09-17 15:19:07.781250');
INSERT INTO "home_post" VALUES(149,'well well well',1,'2017-09-17 15:22:26.500000','2017-09-17 15:22:26.500000');
INSERT INTO "home_post" VALUES(150,'huh',1,'2017-09-17 15:32:39.890625','2017-09-17 15:32:39.890625');
INSERT INTO "home_post" VALUES(151,'chelshit',1,'2017-09-17 15:40:41.750000','2017-09-17 15:40:41.750000');
INSERT INTO "home_post" VALUES(152,'wag1',1,'2017-09-17 16:08:23.968750','2017-09-17 16:08:23.968750');
INSERT INTO "home_post" VALUES(153,'wag2',1,'2017-09-17 16:41:10.781250','2017-09-17 16:41:10.781250');
INSERT INTO "home_post" VALUES(154,'teepee ti,e',1,'2017-09-18 00:42:18.062500','2017-09-18 00:42:18.062500');
INSERT INTO "home_post" VALUES(155,'dvsdvsdv',1,'2017-09-18 01:03:59.609375','2017-09-18 01:03:59.609375');
INSERT INTO "home_post" VALUES(156,'karwaniunder',1,'2017-09-18 01:10:54.875000','2017-09-18 01:10:54.875000');
INSERT INTO "home_post" VALUES(157,'chea+',1,'2017-09-18 01:14:42.046875','2017-09-18 01:14:42.046875');
INSERT INTO "home_post" VALUES(158,'nukka',1,'2017-09-18 01:32:00.625000','2017-09-18 01:32:00.625000');
INSERT INTO "home_post" VALUES(159,'dfdasfasdf',1,'2017-09-18 01:34:15.515625','2017-09-18 01:34:15.515625');
INSERT INTO "home_post" VALUES(160,'well well well',1,'2017-09-18 04:50:05.140625','2017-09-18 04:50:05.140625');
INSERT INTO "home_post" VALUES(161,'chea nukka',1,'2017-09-18 05:15:12.656250','2017-09-18 05:15:12.656250');
INSERT INTO "home_post" VALUES(162,'asdasasasw4r4r5',1,'2017-09-18 05:29:54.296875','2017-09-18 05:29:54.296875');
INSERT INTO "home_post" VALUES(163,'halo da best bra',1,'2017-09-19 00:33:44.984375','2017-09-19 00:33:44.984375');
INSERT INTO "home_post" VALUES(164,'er345bvbtr',1,'2017-09-19 00:48:55.921875','2017-09-19 00:48:55.921875');
INSERT INTO "home_post" VALUES(165,'gfhg7656',1,'2017-09-19 01:16:11.078125','2017-09-19 01:16:11.078125');
INSERT INTO "home_post" VALUES(166,'sddddddd',1,'2017-09-19 01:17:57.125000','2017-09-19 01:17:57.125000');
INSERT INTO "home_post" VALUES(167,'xd',1,'2017-09-19 01:57:38.640625','2017-09-19 01:57:38.640625');
INSERT INTO "home_post" VALUES(168,'ewdewdwedwedwed',1,'2017-09-19 02:33:50.156250','2017-09-19 02:33:50.156250');
INSERT INTO "home_post" VALUES(169,'p',1,'2017-09-19 04:36:07.093750','2017-09-19 04:36:07.093750');
INSERT INTO "home_post" VALUES(170,'Wtf',1,'2017-09-19 06:12:25.625000','2017-09-19 06:12:25.625000');
INSERT INTO "home_post" VALUES(171,'dur it',1,'2017-09-19 14:38:34.843750','2017-09-19 14:38:34.843750');
INSERT INTO "home_post" VALUES(172,'ewsrfewgfegf',1,'2017-09-19 21:31:31.609375','2017-09-19 21:31:31.609375');
INSERT INTO "home_post" VALUES(173,'chea nukka',1,'2017-09-20 01:09:38.609375','2017-09-20 01:09:38.609375');
INSERT INTO "home_post" VALUES(174,'kk bud',53,'2017-09-22 01:54:26.875000','2017-09-22 01:54:26.875000');
INSERT INTO "home_post" VALUES(175,'Yes',1,'2017-09-22 04:27:59.171875','2017-09-22 04:27:59.171875');
INSERT INTO "home_post" VALUES(176,'kk bud',1,'2017-09-25 01:04:10.718750','2017-09-25 01:04:10.718750');
INSERT INTO "home_post" VALUES(177,'Lookin better naw',1,'2017-09-25 06:31:17.328125','2017-09-25 06:31:17.328125');
INSERT INTO "home_post" VALUES(178,'makin very sow progress',1,'2017-09-27 06:39:25.269000','2017-09-27 06:39:25.269000');
INSERT INTO "home_post" VALUES(179,'Chea',1,'2017-10-01 03:08:32.328125','2017-10-01 03:08:32.328125');
INSERT INTO "home_post" VALUES(180,'thfh',1,'2017-10-02 05:32:00.562500','2017-10-02 05:32:00.562500');
INSERT INTO "home_post" VALUES(181,'safe b',1,'2017-10-10 03:28:41.906250','2017-10-10 03:28:41.906250');
CREATE UNIQUE INDEX "auth_group_permissions_group_id_permission_id_0cd325b0_uniq" ON "auth_group_permissions" ("group_id", "permission_id");
CREATE INDEX IF NOT EXISTS "auth_group_permissions_group_id_b120cbf9" ON "auth_group_permissions" ("group_id");
CREATE INDEX IF NOT EXISTS "auth_group_permissions_permission_id_84c5c92e" ON "auth_group_permissions" ("permission_id");
CREATE UNIQUE INDEX "auth_user_groups_user_id_group_id_94350c0c_uniq" ON "auth_user_groups" ("user_id", "group_id");
CREATE INDEX IF NOT EXISTS "auth_user_groups_user_id_6a12ed8b" ON "auth_user_groups" ("user_id");
CREATE INDEX IF NOT EXISTS "auth_user_groups_group_id_97559544" ON "auth_user_groups" ("group_id");
CREATE UNIQUE INDEX "auth_user_user_permissions_user_id_permission_id_14a6b632_uniq" ON "auth_user_user_permissions" ("user_id", "permission_id");
CREATE INDEX IF NOT EXISTS "auth_user_user_permissions_user_id_a95ead1b" ON "auth_user_user_permissions" ("user_id");
CREATE INDEX IF NOT EXISTS "auth_user_user_permissions_permission_id_1fbb5f2c" ON "auth_user_user_permissions" ("permission_id");
CREATE INDEX IF NOT EXISTS "django_admin_log_content_type_id_c4bce8eb" ON "django_admin_log" ("content_type_id");
CREATE INDEX IF NOT EXISTS "django_admin_log_user_id_c564eba6" ON "django_admin_log" ("user_id");
CREATE UNIQUE INDEX "django_content_type_app_label_model_76bd3d3b_uniq" ON "django_content_type" ("app_label", "model");
CREATE UNIQUE INDEX "auth_permission_content_type_id_codename_01ab375a_uniq" ON "auth_permission" ("content_type_id", "codename");
CREATE INDEX IF NOT EXISTS "auth_permission_content_type_id_2f476e4b" ON "auth_permission" ("content_type_id");
CREATE INDEX IF NOT EXISTS "django_session_expire_date_a5c62663" ON "django_session" ("expire_date");
CREATE INDEX IF NOT EXISTS "home_post_user_id_4e975327" ON "home_post" ("user_id");
CREATE UNIQUE INDEX "home_friend_users_friend_id_user_id_ccea7aea_uniq" ON "home_friend_users" ("friend_id", "user_id");
CREATE INDEX IF NOT EXISTS "home_friend_users_friend_id_26bab69d" ON "home_friend_users" ("friend_id");
CREATE INDEX IF NOT EXISTS "home_friend_users_user_id_201ee81b" ON "home_friend_users" ("user_id");
CREATE INDEX IF NOT EXISTS "home_friend_current_user_id_a86fccfb" ON "home_friend" ("current_user_id");
CREATE INDEX IF NOT EXISTS "blog_blogpost_author_id_ffcc150f" ON "blog_blogpost" ("author_id");
CREATE INDEX IF NOT EXISTS "home_comment_comment_body_id_1f019a5f" ON "home_comment" ("comment_body_id");
CREATE INDEX IF NOT EXISTS "home_blogpost_author_id_74311485" ON "home_blogpost" ("author_id");
